un_location_code,alternative_un_location_code,terminal_code,name,latitude,longitude,valid_from,valid_to,source_version
AEAJM,,HAJT,HUTCHISON AJMAN INTERNATIONAL TERMINAL (HAJT),25.4216667,55.4527778,2022-01-19,,SMDG-20260609
AEFJR,,FJR,PORT OF FUJAIRAH,25.1769444,56.3583333,2023-10-17,,SMDG-20260609
AEJEA,,DPWJA,DP WORLD JEBEL ALI - CT1,24.9922222,55.0661111,2012-10-05,,SMDG-20260609
AEJEA,,DPWJ2,DP WORLD JEBEL ALI - CT2,25.0222222,55.0616667,2015-02-05,,SMDG-20260609
AEJEA,,DPWJ3,DP WORLD JEBEL ALI - CT3,24.9891667,55.0508333,2015-02-05,,SMDG-20260609
AEJEA,,DPWJ4,DP WORLD JEBEL ALI - CT4,25.0325000,55.0516667,2019-06-04,,SMDG-20260609
AEKHL,,CMAT,CMA TERMINALS KHALIFA PORT,24.8291667,54.6586111,2024-09-27,,SMDG-20260609
AEKHL,,CSP,CSP ABU DHABI TERMINAL,24.8169444,54.6622222,2020-12-01,,SMDG-20260609
AEKHL,,ADT,KHALIFA PORT CONTAINER TERMINAL,24.8075000,54.6494444,2015-05-03,,SMDG-20260609
AEKLF,,KCTKLF,KHORFAKKAN CONTAINER TERMINAL,25.3783333,56.3752778,2015-11-05,,SMDG-20260609
AEQIW,,UAQ,AHMED BIN RASHID PORT,25.5897222,55.5819444,2024-08-20,,SMDG-20260609
AERKT,,SAQR,MINA SAQR CONTAINER TERMINAL,25.9805556,56.0550000,2023-01-01,,SMDG-20260609
AESHJ,,SHJSCT,SHARJAH CONTAINER TERMINAL,25.3580556,55.3708333,2019-03-19,,SMDG-20260609
AGSJO,,PSJO,PORT OF ST. JOHN'S ANTIGUA,17.1252778,-61.8561111,2025-02-25,,SMDG-20260609
ALDRZ,,DCT,DURRES CONTAINER TERMINAL,41.3108333,19.4511111,2022-01-19,,SMDG-20260609
AOCAB,,CABT,CABINDA TERMINAL,-5.5477778,12.1930556,2025-02-10,,SMDG-20260609
AOLAD,,BOA,BOAVISTA TERMINAL,-8.7997222,13.2519444,2021-10-24,,SMDG-20260609
AOLAD,,MPT,TERMINAL MULTIUSO,-8.7886111,13.2716667,2021-10-24,,SMDG-20260609
AOLOB,,LOBT,LOBITO TERMINAL,-12.3491667,13.5494444,2022-01-19,,SMDG-20260609
AOMSZ,,NAMIBE,NAMIBE TERMINAL,-15.1905556,12.1308333,2021-10-24,,SMDG-20260609
AOSZA,,SZA,PORTO DO SOYO,-6.1255556,12.3213889,2023-12-12,,SMDG-20260609
ARBHI,,TBB,TERMINAL BAHIA BLANCA,-38.7894444,-62.2769444,2004-05-31,,SMDG-20260609
ARBUE,,TERM4,APM TERMINALS BUENOS AIRES T4,-34.5802778,-58.3680556,2004-05-31,,SMDG-20260609
ARBUE,,EXOL,EXOLGAN CONTAINER TERMINAL BUENOS AIRES,-34.6400000,-58.3466667,2004-05-31,,SMDG-20260609
ARBUE,,BSAS,HUTCHISON BACTSSA TERMINAL T5,-34.5769444,-58.3733333,2004-05-31,2025-01-31,SMDG-20260609
ARBUE,,TRP,TERMINALES RIO DE LA PLATA (TRP),-34.5847222,-58.3630556,2005-09-19,,SMDG-20260609
ARLPG,,PLP,LA PLATA TERMINAL DE CONTENEDORES (TECPLATA),-34.8550000,-57.8888889,2025-02-25,,SMDG-20260609
ARLPS,,LPMOL,LAS PALMAS MOLCA,-34.0211111,-59.1275000,2004-05-31,,SMDG-20260609
ARMDQ,,COOTR,TC2 MAR DEL PLATA,-38.0469444,-57.5363889,2004-05-31,,SMDG-20260609
ARPMY,,PUPUB,PUERTO MADRYN,-42.7361111,-65.0386111,2004-05-31,,SMDG-20260609
ARPUD,,PUDES,PUERTO DESEADO,-47.7536111,-65.9111111,2004-05-31,,SMDG-20260609
ARROS,,TROSA,TERMINAL PUERTO ROSARIO,-32.9766667,-60.6180556,2004-05-31,,SMDG-20260609
ARSAE,,TSP,TERMINAL SAN ANTONIO ESTE,-40.7991667,-64.8825000,2004-05-31,,SMDG-20260609
ARUSH,,PLS,PATAGONIA LOGISTIC SOLUTIONS SA,-54.8088889,-68.3033333,2004-05-31,,SMDG-20260609
ARZAE,,TZARA,TERMINAL ZARATE,-34.0677778,-59.0350000,2004-05-31,,SMDG-20260609
ASPPG,,PAGO,PORT OF PAGO-PAGO,-14.2766667,-170.6847222,2004-05-31,,SMDG-20260609
AUADL,,FLACT,FLINDERS ADELAIDE CONTAINER TERMINAL,-34.7694444,138.4905556,2004-05-31,,SMDG-20260609
AUBEL,,CONBE,QUBE PORTS BELL BAY,-41.1394444,146.8547222,2014-04-17,,SMDG-20260609
AUBNE,,AATFI,AAT BRISBANE FISHERMAN ISLANDS CARGO TERMINAL,-27.3788889,153.1663889,2014-04-17,,SMDG-20260609
AUBNE,,DPBNE,DP WORLD BRISBANE FISHERMAN ISLANDS,-27.3730556,153.1705556,2014-03-14,,SMDG-20260609
AUBNE,,HPAFI,HUTCHISON BRISBANE CONTAINER TERMINALS (BCT),-27.3600000,153.1800000,2015-03-10,,SMDG-20260609
AUBNE,,PTFIT,PATRICK BRISBANE AUTOSTRAD TERMINAL,-27.3661111,153.1758333,2001-06-26,,SMDG-20260609
AUDRW,,CONDW,DARWIN EAST ARM WHARF,-12.4900000,130.8805556,2014-04-17,,SMDG-20260609
AUEPR,,QBESP,QUBE PORTS ESPERANCE,-33.8722222,121.9000000,2023-01-01,,SMDG-20260609
AUFRE,,CONFR,DP WORLD FREMANTLE,-32.0469444,115.7416667,2014-04-17,,SMDG-20260609
AUFRE,,ASLFR,PATRICK FREMANTLE CONTAINER TERMINAL,-32.0430556,115.7452778,2004-05-31,,SMDG-20260609
AUFRE,,POPFRB,QUBE PORTS FREMANTLE,-32.0397222,115.7508333,2020-08-01,,SMDG-20260609
AUMEL,,AATAD,AAT MELBOURNE APPLETON DOCK,-37.8169444,144.9213889,2020-08-01,,SMDG-20260609
AUMEL,,CONWS,DP WORLD WEST SWANSON DOCK TERMINAL,-37.8138889,144.9119444,2014-04-17,,SMDG-20260609
AUMEL,,ASES1,PATRICK EAST SWANSON DOCK TERMINAL,-37.8138889,144.9152778,2004-05-31,,SMDG-20260609
AUMEL,,CONMEL,QUBE PORTS APPLETON DOCK,-37.8172222,144.9208333,2014-04-17,2026-02-28,SMDG-20260609
AUMEL,,VICTM,VICT WEBB DOCK EAST,-37.8469444,144.9108333,2017-04-26,,SMDG-20260609
AUPKL,,AATPK,AAT PORT KEMBLA,-34.4547222,150.8886111,2004-05-31,,SMDG-20260609
AUSYD,,CTLPB,DP WORLD SYDNEY,-33.9708333,151.2163889,2004-05-31,,SMDG-20260609
AUSYD,,HPAPB,HUTCHISON SYDNEY INTERNATIONAL CONTAINER TERMINAL (SICTL),-33.9636111,151.2005556,2015-03-10,,SMDG-20260609
AUSYD,,ASLPB,PATRICK SYDNEY AUTOSTRAD TERMINAL,-33.9688889,151.2105556,2004-05-31,,SMDG-20260609
AWORJ,,AWBAR,BARCADERA CONTAINER TERMINAL,12.4797222,-69.9972222,2016-09-19,,SMDG-20260609
AWORJ,,ASTEC,PORT OF ORANJESTAD,12.5225000,-70.0463889,2004-05-31,,SMDG-20260609
BBBGI,,BPI,BRIDGETOWN PORT TERMINAL (BPI),13.1061111,-59.6294444,2022-01-19,,SMDG-20260609
BDCGP,,CCT,CHITTAGONG CONTAINER TERMINALS (CCT),22.3000000,91.7955556,2025-09-16,,SMDG-20260609
BDCGP,,BDPORT,CHITTAGONG PORT,22.3052778,91.7986111,2015-05-03,2025-09-30,SMDG-20260609
BDCGP,,GCB,GENERAL CARGO BERTH (GCB),22.3083333,91.8013889,2025-09-16,,SMDG-20260609
BDCGP,,NCT,NEW MOORING CONTAINER TERMINAL (NCT),22.2933333,91.7936111,2025-09-16,,SMDG-20260609
BDCGP,,PCT,PATENGA CONTAINER TERMINAL,22.2675000,91.8247222,2024-09-27,,SMDG-20260609
BDMGL,,MPA,MONGLA TERMINAL,22.4900000,89.5908333,2022-08-01,,SMDG-20260609
BDMUN,,SAPLRT,SAPL INLAND WATER CONTAINER TERMINAL,23.5741667,90.5119444,2019-12-06,,SMDG-20260609
BEANR,,ACOT,ANTWERP CONTAINER TERMINAL (K730),51.3241667,4.3463889,2019-07-05,,SMDG-20260609
BEANR,,AET,ANTWERP EUROTERMINAL (K1329-K1347),51.2772222,4.2158333,2016-07-26,,SMDG-20260609
BEANR,,1700,ANTWERP GATEWAY TERMINAL (K1700-K1710),51.2919444,4.2655556,2014-04-17,,SMDG-20260609
BEANR,,K400,ASSOCIATED TERMINAL OPERATORS (K400),51.2780556,4.3516667,2022-06-01,,SMDG-20260609
BEANR,,BNFW,BELGIAN NEW FRUIT WHARF (K184-K238),51.2616667,4.3783333,2015-10-30,,SMDG-20260609
BEANR,,K420,CHURCHILL TERMINAL (K416-K430),51.2788889,4.3652778,2014-07-14,,SMDG-20260609
BEANR,,K524,EUROPORTS CONTAINERS (K524),51.2991667,4.3325000,2022-06-01,,SMDG-20260609
BEANR,,K1718,MPET DEURGANCK DOCK EAST (K1718),51.2833333,4.2561111,2021-04-01,,SMDG-20260609
BEANR,,K1742,MPET DEURGANCK DOCK WEST (K1742),51.2927778,4.2575000,2014-07-14,,SMDG-20260609
BEANR,,K869,PSA EUROPA TERMINAL (K869),51.3383333,4.2761111,2014-07-14,,SMDG-20260609
BEANR,,K913,PSA NOORDZEE TERMINAL (K913),51.3508333,4.2652778,2014-07-14,,SMDG-20260609
BEZEE,,CSPZ,CSP ZEEBRUGGE TERMINAL,51.3475000,3.1888889,2021-03-01,,SMDG-20260609
BEZEE,,PSAZ,PSA ZEEBRUGGE TERMINAL,51.3547222,3.1800000,2021-04-01,,SMDG-20260609
BGBOJ,,ACT,ADVANCE CONTAINER TERMINAL BURGAS,42.4855556,27.4586111,2020-12-01,,SMDG-20260609
BGVAR,,EPT,VARNA EAST PORT TERMINAL,43.1963889,27.9125000,2022-02-01,,SMDG-20260609
BGVAR,,WPT,VARNA WEST PORT CONTAINER TERMINAL,43.1900000,27.6461111,2022-02-01,,SMDG-20260609
BHAHD,BHKBS,POSU,APM TERMINALS BAHRAIN,26.1850000,50.7133333,2015-09-21,,SMDG-20260609
BJCOO,,BTER,BENIN TERMINAL,6.3466667,2.4188889,2015-09-22,,SMDG-20260609
BLSBH,,GUST,PORT DE GUSTAVIA,17.9022222,-62.8533333,2025-02-01,,SMDG-20260609
BNMUA,,MCT,MUARA CONTAINER TERMINAL,5.0233333,115.0700000,2022-01-19,,SMDG-20260609
BRFOR,,CMAT,CMA TERMINALS FORTALEZA,-3.7066667,-38.4730556,2025-05-01,,SMDG-20260609
BRFOR,,TOT,TERMACO OCEAN TERMINAL,-3.7108333,-38.4744444,2004-05-31,,SMDG-20260609
BRIBB,,TECIB,TECON IMBITUBA SA,-28.2297222,-48.6500000,2004-05-31,,SMDG-20260609
BRIOA,,ITP,ITAPOA TERMINAIS PORTUARIOS S/A,-26.1822222,-48.6052778,2004-05-31,,SMDG-20260609
BRITJ,,JBST,JBS TERMINAIS ITAJAI,-26.9013889,-48.6644444,2024-10-11,,SMDG-20260609
BRMAO,,CHINC,CHIBATAO NAVEGACAO E COMERCIO LTDA,-3.1566667,-59.9900000,2004-05-31,,SMDG-20260609
BRMAO,,SUPER,SUPER TERMINAIS,-3.1497222,-59.9983333,2004-05-31,,SMDG-20260609
BRNVT,,PTP,PORTONAVE SA TERMINAIS PORTUARIOS,-26.8963889,-48.6627778,2004-05-31,,SMDG-20260609
BRPEC,,BRAPEC,APM TERMINALS PECEM,-3.5486111,-38.8108333,2015-10-13,,SMDG-20260609
BRPNG,,TCP,TCP DE CONTEINERES DE PARANAGUA SA,-25.5027778,-48.5019444,2004-05-31,,SMDG-20260609
BRRIG,,TECRG,TECON RIO GRANDE,-32.1258333,-52.1038889,2004-05-31,,SMDG-20260609
BRRIO,,LIBRJ,ICTSI RIO BRASIL TERMINAL 1,-22.8741667,-43.2044444,2004-05-31,,SMDG-20260609
BRRIO,,MROP,MULTI RIO OPERACOES PORTUARIA SA,-22.8786111,-43.2086111,2004-05-31,,SMDG-20260609
BRSFS,,TESC,TESC TERMINAL SANTA CATARINA SA,-26.2347222,-48.6352778,2004-05-31,,SMDG-20260609
BRSPB,,TECSE,SEPETIBA TECON SA,-22.9305556,-43.8383333,2004-05-31,,SMDG-20260609
BRSSA,,TECSV,TECON SALVADOR SA,-12.9577778,-38.5069444,2004-05-31,,SMDG-20260609
BRSSZ,,BTP,BRASIL TERMINAL PORTUARIO (BTP),-23.9219444,-46.3527778,2014-07-22,,SMDG-20260609
BRSSZ,,EMBRA,DP WORLD SANTOS,-23.9247222,-46.3172222,2004-05-31,,SMDG-20260609
BRSSZ,,ECOS,ECOPORTO SANTOS,-23.9277778,-46.3352778,2014-07-22,,SMDG-20260609
BRSSZ,,RODRI,RODRIMAR SA TRANSP EQUIP INDUSTRIAL,-23.9263889,-46.3411111,2004-05-31,,SMDG-20260609
BRSSZ,,SSA,SANTOS BRASIL SA,-23.9625000,-46.2933333,2004-05-31,,SMDG-20260609
BRSUA,,TECSU,TECON SUAPE SA,-8.3930556,-34.9675000,2004-05-31,,SMDG-20260609
BRVDC,,CONVI,CONVICON,-1.5394444,-48.7541667,2004-05-31,,SMDG-20260609
BRVIX,,TDVV,TERMINAL DE VILA VELHA SA,-20.3244444,-40.3288889,2004-05-31,,SMDG-20260609
BSFPO,,FCP,FREEPORT CONTAINER PORT,26.5305556,-78.7644444,2022-01-19,,SMDG-20260609
BSNAS,,NCP,NASSAU CONTAINER PORT,25.0838889,-77.3580556,2022-01-19,,SMDG-20260609
BZBGK,,PBGK,PORT OF BIG CREEK,16.5150000,-88.4047222,2025-02-01,,SMDG-20260609
BZBZE,,POB,PORT OF BELIZE,17.4811111,-88.2038889,2022-01-19,,SMDG-20260609
CACBK,,CBT,CORNER BROOK TERMINAL,48.9600000,-57.9416667,2022-01-19,,SMDG-20260609
CAHAL,,FCOVE,FAIRVIEW COVE CONTAINER TERMINAL,44.6677778,-63.6272222,2015-01-29,,SMDG-20260609
CAHAL,,HAFXT,SOUTH END CONTAINER TERMINAL,44.6283333,-63.5625000,2013-06-05,,SMDG-20260609
CAMTR,,MGTCAS,CAST TERMINAL (SECTION 77),45.5869444,-73.5044444,2015-02-19,,SMDG-20260609
CAMTR,,TMTMAI,MAISONNEUVE TERMINAL (SECTION 68),45.5738889,-73.5113889,2015-02-19,,SMDG-20260609
CAMTR,,MGTRAC,RACINE TERMINAL (SECTION 62),45.5658333,-73.5186111,2015-02-19,,SMDG-20260609
CAMTR,,VIAU,VIAU TERMINAL (SECTION 52),45.5519444,-73.5266667,2022-01-19,,SMDG-20260609
CAPRR,,FCTPRR,FAIRVIEW CONTAINER TERMINAL,54.2863889,-130.3602778,2018-03-07,,SMDG-20260609
CASJB,,DPWSJB,DP WORLD SAINT JOHN,45.2652778,-66.0672222,2021-10-24,,SMDG-20260609
CAVAN,,CTM,CENTENNIAL TERMINAL (CENTERM),49.2888889,-123.0958333,2016-08-12,,SMDG-20260609
CAVAN,,FSD,FRASER SURREY DOCKS,49.1858333,-122.9133333,2004-05-31,,SMDG-20260609
CAVAN,CADEL,DLT,GCT DELTAPORT,49.0205556,-123.1513889,2006-08-28,,SMDG-20260609
CAVAN,,VTM,GCT VANTERM,49.2886111,-123.0738889,2006-08-28,,SMDG-20260609
CDBOA,,BOA,BOMA PORT,-5.8594444,13.0538889,2023-12-12,,SMDG-20260609
CDMAT,,MGT,MATADI GATEWAY TERMINAL (MGT),-5.8341667,13.4316667,2021-10-24,,SMDG-20260609
CDMAT,,SCTP,PORT OF MATADI SCTP,-5.8233333,13.4522222,2023-01-01,,SMDG-20260609
CGPNR,,CTPN,CONGO TERMINAL POINTE NOIRE,-4.7780556,11.8280556,2016-05-13,,SMDG-20260609
CIABJ,,CIT,COTE D'IVOIRE TERMINAL,5.2811111,-4.0172222,2023-09-07,,SMDG-20260609
CIABJ,,SETV1,VRIDI TERMINAL ABIDJAN,5.2736111,-4.0133333,2015-10-09,,SMDG-20260609
CISPY,,TCSP,SAN-PEDRO CONTAINER TERMINAL,4.7397222,-6.6191667,2022-06-01,,SMDG-20260609
CLANF,,ATI,ATI ANTOFAGASTA,-23.6500000,-70.4080556,2004-05-31,,SMDG-20260609
CLANF,,EPA,EPA ANTOFAGASTA,-23.6500000,-70.4047222,2004-05-31,,SMDG-20260609
CLARI,,TPA,TERMINAL PACIFICO ARICA,-18.4730556,-70.3283333,2004-05-31,,SMDG-20260609
CLCNL,,CPC,PUERTO CORONEL,-37.0338889,-73.1527778,2016-09-01,,SMDG-20260609
CLCQQ,,TPC,TERMINAL PUERTO COQUIMBO,-29.9666667,-71.3333333,2025-02-01,,SMDG-20260609
CLIQQ,,ITI,ITI IQUIQUE,-20.2044444,-70.1563889,2004-05-31,,SMDG-20260609
CLLQN,,PLIRQ,PUERTO LIRQUEN,-36.7077778,-72.9897222,2004-05-31,,SMDG-20260609
CLPAG,,PANGA,PUERTO ANGAMOS,-23.0666667,-70.3866667,2004-05-31,,SMDG-20260609
CLPUQ,,SMA,TERMINAL SANTOS MARDONES,-53.1255556,-70.8586111,2016-01-25,,SMDG-20260609
CLSAI,,PCE,PUERTO CENTRAL SAN ANTONIO,-33.5916667,-71.6166667,2016-09-16,,SMDG-20260609
CLSAI,,STI,STI SAN ANTONIO,-33.5891667,-71.6219444,2004-05-31,,SMDG-20260609
CLSVE,,SVTI,SVTI SAN VICENTE OCEAN TERMINAL,-36.7308333,-73.1377778,2004-05-31,,SMDG-20260609
CLVAP,,EPV,EPV VALPARAISO,-33.0369444,-71.6258333,2004-05-31,,SMDG-20260609
CLVAP,,TPS,TPS VALPARAISO,-33.0316667,-71.6272222,2004-05-31,,SMDG-20260609
CMDLA,,RTC,RTC CONTAINER TERMINAL DOUALA,4.0419444,9.6786111,2022-03-01,,SMDG-20260609
CMKBI,,KCT,KRIBI CONTAINER TERMINAL,2.7258333,9.8602778,2023-09-07,,SMDG-20260609
CNCGS,,CXCT,CHANGSHU XINGHUA CONTAINER TERMINAL,31.7638889,120.9452778,2023-01-01,,SMDG-20260609
CNCOZ,,CZP,CHAOZHOU PORT FREIGHT TERMINAL,23.6111111,116.9722222,2025-04-01,,SMDG-20260609
CNCQI,CNCHQ,CUNTAN,CUNTAN TERMINAL,29.6180556,106.5916667,2020-07-01,,SMDG-20260609
CNCZX,,CCT,CHANGZHOU CONTAINER TERMINAL,31.9941667,119.9772222,2024-12-21,,SMDG-20260609
CNDAL,CNDAG,DPCT,DALIAN CONTAINER TERMINAL,39.0088889,121.8736111,2020-08-01,,SMDG-20260609
CNDCB,,DACHAN,DA CHAN BAY TERMINAL ONE,22.5333333,113.8555556,2015-09-21,,SMDG-20260609
CNDFG,,DHP,DAFENG HARBOR PORT,33.2900000,120.8194444,2024-09-02,,SMDG-20260609
CNFZH,,FICT,FUZHOU INTERNATIONAL CONTAINER TERMINAL,25.4166667,119.2858333,2020-07-01,,SMDG-20260609
CNFZH,,FMP,FUZHOU QINGZHOU CONTAINER TERMINAL,26.0050000,119.4780556,2020-07-01,,SMDG-20260609
CNGON,,ZICTG,ZHUHAI INTERNATIONAL CONTAINER TERMINAL (GAOLAN),21.9327778,113.2219444,2021-10-24,,SMDG-20260609
CNHKO,,HXCT,HAIKOU XIUYING CONTAINER TERMINAL,20.0366667,110.2816667,2025-09-16,,SMDG-20260609
CNHMN,,DCT,DONGGUAN INTERNATIONAL CONTAINER TERMINAL,22.8683333,113.5725000,2023-04-13,,SMDG-20260609
CNHUI,,HICT,HUIZHOU INTERNATIONAL CONTAINER TERMINAL (HICT),22.6966667,114.5552778,2024-08-20,,SMDG-20260609
CNJIA,,JSIT,JIANGYIN SUNAN INTERNATIONAL TERMINAL,31.9216667,120.1744444,2024-08-20,,SMDG-20260609
CNJMN,,JMCT,JIANGMEN INTERNATIONAL CONTAINER TERMINAL GAOSHA,22.6238889,113.0994444,2024-08-20,,SMDG-20260609
CNJMN,,JMNP,JIANGMEN NEW PORT TERMINAL,22.5413889,113.1736111,2021-10-24,,SMDG-20260609
CNJNZ,,JNACT,JINZHOU NEW AGE CONTAINER TERMINAL,40.8061111,121.0550000,2025-09-16,,SMDG-20260609
CNJNZ,,JPCT,JINZHOU PORT CONTAINER TERMINAL,40.8011111,121.0580556,2025-09-16,,SMDG-20260609
CNLYG,,LNOCT,LIANYUNGANG NEW ORIENTAL INTERNATIONAL CONTAINER TERMINAL,34.7452778,119.4277778,2019-01-17,,SMDG-20260609
CNLYG,,LPCT,LYG-PSA CONTAINER TERMINAL,34.7477778,119.4366667,2019-01-17,,SMDG-20260609
CNNBO,CNNBG,BLCT1,NINGBO BEILUN INTERNATIONAL CONTAINER TERMINAL (NBCT),29.9361111,121.8666667,2004-05-31,,SMDG-20260609
CNNBO,CNNBG,BLCT2,NINGBO BEILUN SECOND CONTAINER TERMINAL (NBSCT),29.9450000,121.8366667,2004-05-31,,SMDG-20260609
CNNBO,CNNBG,BLGAN,NINGBO BEILUN THIRD CT - GANGJI TERMINAL,29.8900000,122.0358333,2024-08-20,,SMDG-20260609
CNNBO,CNNBG,BLYIN,NINGBO BEILUN THIRD CT - YINING TERMINAL,29.8877778,122.0436111,2024-08-20,,SMDG-20260609
CNNBO,CNNBG,BLYUA,NINGBO BEILUN THIRD CT - YUANDONG TERMINAL,29.8869444,122.0525000,2024-08-20,,SMDG-20260609
CNNBO,CNNBG,BLTCT,NINGBO BEILUN THIRD CT (NBTCT),29.8886111,122.0625000,2020-08-01,,SMDG-20260609
CNNBO,CNNBG,BLCT5,NINGBO DAXIE CONTAINER TERMINAL (NDCT),29.9352778,121.9275000,2004-05-31,,SMDG-20260609
CNNBO,CNNBG,NDXYT,NINGBO DAXIE XINYE TERMINAL (NDXYT),29.9200000,121.9269444,2025-09-16,,SMDG-20260609
CNNBO,CNNBG,BLCT6,NINGBO MEISHAN ISLAND INTERNATIONAL CONTAINER TERMINAL (MSICT),29.7716667,122.0002778,2004-05-31,,SMDG-20260609
CNNBO,CNNBG,ZHCT,NINGBO ZHENHAI CONTAINER TERMINAL (ZHCT),29.9705556,121.7322222,2022-03-01,,SMDG-20260609
CNNBO,CNNBG,YZCT7,ZHOUSHAN YONGZHOU CONTAINER TERMINAL (YZCT),29.9883333,121.8397222,2004-05-31,,SMDG-20260609
CNNJI,CNNJG,NJCT,NANJING PORT JIANGBEI CONTAINER TERMINAL,31.9386111,118.5897222,2023-04-13,,SMDG-20260609
CNNJI,CNNJG,NPL,NANJING PORT LONGTAN,32.2088889,119.0602778,2020-07-01,,SMDG-20260609
CNNSA,,NANS,GUANGZHOU SOUTH CHINA OCEANGATE CONTAINER TERMINAL (GOCT),22.6383333,113.6827778,2004-05-31,,SMDG-20260609
CNNSA,,NCT1,NANSHA CONTAINER TERMINAL PHASE I,22.6541667,113.6783333,2021-10-24,,SMDG-20260609
CNNSA,,NICT,NANSHA INTERNATIONAL CONTAINER TERMINAL (PHASE III),22.6222222,113.6869444,2021-10-24,,SMDG-20260609
CNNTG,,NTT,NANTONG TONGHAI TERMINAL,31.7969444,121.0250000,2023-01-01,,SMDG-20260609
CNQIN,CNQDG,QQCTN,QINGDAO NEW QIANWAN CONTAINER TERMINAL,36.0122222,120.2333333,2017-12-12,,SMDG-20260609
CNQIN,CNQDG,QQCTX,QINGDAO QIANWAN CONTAINER TERMINAL,36.0091667,120.2063889,2004-05-31,,SMDG-20260609
CNQIN,CNQDG,QQCTUA,QINGDAO QIANWAN UNITED ADVANCE CONTAINER TERMINAL,36.0091667,120.2272222,2015-02-13,,SMDG-20260609
CNQIN,CNQDG,QQCTU,QINGDAO QIANWAN UNITED CONTAINER TERMINAL,35.9994444,120.2116667,2015-02-13,,SMDG-20260609
CNQZH,,BICT,BEIBU GULF INTERNATIONAL CONTAINER TERMINAL,21.6777778,108.6408333,2025-02-01,,SMDG-20260609
CNQZL,,QSST,QUANZHOU SHISHI SHIHU TERMINAL,24.8169444,118.7238889,2025-07-16,,SMDG-20260609
CNRUG,,RSCT,RUGAO SUZHONG INTERNATIONAL CONTAINER TERMINAL,32.0386111,120.5797222,2023-01-01,,SMDG-20260609
CNRZH,,XXXXX,RIZHAO PORT,35.3652778,119.5333333,2004-05-31,,SMDG-20260609
CNSGH,CNSHG,SECT,SHANGHAI EAST CONTAINER TERMINAL,31.3391667,121.6505556,2015-03-17,,SMDG-20260609
CNSGH,CNSHG,SGICT,SHANGHAI GUANDONG INTERNATIONAL CONTAINER TERMINAL,30.6133333,122.0750000,2004-05-31,,SMDG-20260609
CNSGH,CNSHG,SMCT,SHANGHAI MINGDONG CONTAINER TERMINAL,31.3300000,121.6686111,2015-03-20,,SMDG-20260609
CNSGH,CNSHG,SPICT,SHANGHAI PUDONG INTERNATIONAL CONTAINER TERMINAL,31.3683333,121.5930556,2015-03-17,,SMDG-20260609
CNSGH,CNSHG,SHENG,SHANGHAI SHENGDONG INTERNATIONAL CONTAINER TERMINAL,30.6325000,122.0477778,2004-05-31,,SMDG-20260609
CNSGH,CNSHG,SIPGSD,SIPG SHANGDONG CONTAINER TERMINAL,30.6527778,122.0244444,2018-08-10,,SMDG-20260609
CNSGH,CNSHG,WAIG,SIPG ZHENDONG CONTAINER TERMINAL,31.3750000,121.5794444,2004-05-31,,SMDG-20260609
CNSHK,,CCT,CHIWAN CONTAINER TERMINAL (CCT),22.4666667,113.8758333,2017-01-01,,SMDG-20260609
CNSHK,,MCT,MAWAN CONTAINER TERMINAL (MCT),22.4880556,113.8672222,2017-01-01,,SMDG-20260609
CNSHK,,SCT,SHEKOU CONTAINER TERMINAL (SCT),22.4536111,113.8922222,2017-01-01,,SMDG-20260609
CNSHK,,SCMWH,SHENZEN MAWAN HAIXING CONTAINER TERMINAL,22.4966667,113.8641667,2015-02-19,,SMDG-20260609
CNSTG,,SGAT,SHANTOU GUANGAO CONTAINER TERMINAL,23.2275000,116.7719444,2025-02-25,,SMDG-20260609
CNSTG,,SICT,SHANTOU INTERNATIONAL CONTAINER TERMINAL,23.3516667,116.7202778,2020-07-01,2025-09-30,SMDG-20260609
CNTAC,,SMTL,SUZHOU MODERN TERMINALS,31.6475000,121.2169444,2025-10-01,,SMDG-20260609
CNTAC,,TIC,TAICANG INTERNATIONAL CONTAINER TERMINAL (TICT),31.6413889,121.2252778,2015-06-24,,SMDG-20260609
CNTAC,,TPZX,TAICANG PORT ZHENGHE XINGGANG CONTAINER TERMINAL,31.6522222,121.2102778,2025-10-01,,SMDG-20260609
CNTAC,,TZICT,TAICANG ZHENGHE INTERNATIONAL CONTAINER TERMINAL,31.6319444,121.2358333,2025-10-01,,SMDG-20260609
CNTNJ,CNTXG,TACT1,TIANJIN PORT ALLIANCE INTERNATIONAL CONTAINER TERMINAL (TACT),38.9947222,117.7763889,2004-05-31,,SMDG-20260609
CNTNJ,CNTXG,THCC1,TIANJIN PORT CONTAINER TERMINAL (TCT),38.9786111,117.7700000,2004-05-31,,SMDG-20260609
CNTNJ,CNTXG,TECT1,TIANJIN PORT EUROASIA INTERNATIONAL CONTAINER TERMINAL (TECT),39.0044444,117.7736111,2004-05-31,,SMDG-20260609
CNTNJ,CNTXG,TPCT1,TIANJIN PORT PACIFIC INTERNATIONAL CONTAINER TERMINAL (TPCT),38.9997222,117.7913889,2004-05-31,,SMDG-20260609
CNTNJ,CNTXG,TSCT,TIANJIN PORT SECOND CONTAINER TERMINAL (TSCT),39.0138889,117.7705556,2022-03-01,,SMDG-20260609
CNTZO,,TICT,TAIZHOU INTERNATIONAL CONTAINER TERMINAL,32.2366667,119.8916667,2024-12-21,,SMDG-20260609
CNWEI,CNWEG,00001,WEIHAI PORT,37.4427778,122.1994444,2004-05-31,,SMDG-20260609
CNWHI,,WICT,WUHU INTERNATIONAL CONTAINER TERMINAL,31.4027778,118.3511111,2024-08-20,,SMDG-20260609
CNWNZ,,WJYCT,WENZHOU JINYANG CONTAINER TERMINAL,27.9972222,120.8816667,2025-10-01,,SMDG-20260609
CNWNZ,,ZYACT,WENZHOU ZHUANGYUAN INTL CONTAINER TERMINAL,27.8958333,121.1100000,2025-10-01,,SMDG-20260609
CNXAM,CNXMG,XHDCT,XIAMEN HAICANG XINHAIDA CONTAINER TERMINAL (XHDCT),24.4569444,117.9636111,2025-09-16,,SMDG-20260609
CNXAM,CNXMG,XRCT,XIAMEN HAIRUN CONTAINER TERMINAL (XRCT),24.4477778,118.0058333,2015-05-03,,SMDG-20260609
CNXAM,CNXMG,XHCT,XIAMEN HAITIAN CONTAINER TERMINAL,24.5100000,118.0786111,2004-05-31,,SMDG-20260609
CNXAM,CNXMG,XTCT,XIAMEN HAITONG CONTAINER TERMINAL,24.4419444,118.0405556,2022-06-01,,SMDG-20260609
CNXAM,CNXMG,XICT,XIAMEN INTERNATIONAL CONTAINER TERMINAL (XICT),24.4461111,118.0141667,2004-05-31,,SMDG-20260609
CNXAM,CNXMG,XOGT,XIAMEN OCEAN GATE TERMINAL,24.4550000,117.9716667,2004-05-31,,SMDG-20260609
CNXAM,CNXMG,XSCT,XIAMEN SONGYU CONTAINER TERMINAL (XSCT),24.4419444,118.0316667,2015-05-08,,SMDG-20260609
CNXAM,CNXMG,XGYU,XIAMEN XIANGYU TERMINAL,24.5155556,118.0833333,2004-05-31,2025-09-30,SMDG-20260609
CNYAT,CNYTG,YPCT,YANTAI PORT INTERNATIONAL CONTAINER TERMINAL,37.5808333,121.3777778,2019-04-12,,SMDG-20260609
CNYIK,,BQCT,YINGKOU BAYUQUAN CONTAINER TERMINAL,40.2688889,122.0952778,2023-02-06,,SMDG-20260609
CNYPG,,SDIC,SDIC YANGPU PORT CONTAINER TERMINAL,19.7305556,109.1961111,2025-09-16,,SMDG-20260609
CNYPG,,YPICT,YANGPU INTERNATIONAL CONTAINER TERMINAL (YPICT),19.7136111,109.1691667,2025-09-16,,SMDG-20260609
CNYTN,,YICT,YANTIAN INTERNATIONAL CONTAINER TERMINAL,22.5727778,114.2688889,2004-05-31,,SMDG-20260609
CNYTN,,YICTW,YANTIAN WEST CONTAINER TERMINAL,22.5600000,114.2491667,2015-05-08,,SMDG-20260609
CNZJG,,ZWT,ZHANGJIAGANG WIN HANVERKY TERMINAL,31.9669444,120.4197222,2023-01-01,,SMDG-20260609
CNZNG,,ZBCT,ZHANJIANG BAOMAN CONTAINER TERMINAL,21.1363889,110.3947222,2025-07-16,,SMDG-20260609
CNZPU,,ZIT,ZHEJIANG SHIHANG ZHAPU CONTAINER TERMINAL (ZIT),30.5838889,121.0780556,2022-03-01,,SMDG-20260609
COBAQ,,BCT,BARRANQUILLA CONTAINER TERMINAL (BCT),10.9808333,-74.7611111,2014-09-02,,SMDG-20260609
COBAQ,,PSP,PALERMO SOCIEDAD PORTUARIA,10.9800000,-74.7555556,2019-12-17,,SMDG-20260609
COBAQ,,SPRBQ,SOCIEDAD PORTUARIA REGIONAL DE BARRANQUILLA,10.9683333,-74.7591667,2004-05-31,,SMDG-20260609
COBUN,,SPIA,SOCIEDAD PUERTO INDUSTRIAL AGUADULCE,3.9047222,-77.0838889,2019-06-06,,SMDG-20260609
COBUN,,TCBUN,TCBUEN S.A.,3.8925000,-77.0433333,2004-05-31,,SMDG-20260609
COBUN,,SPRBU,TERMINAL MARITIMO SOCIEDAD PORTUARIA REGIONAL (SPRBUN),3.8933333,-77.0725000,2004-05-31,,SMDG-20260609
COCTG,,CTGTM,COMPANIA DE PUERTOS ASOCIADO (COMPAS),10.3988889,-75.5283333,2018-02-07,,SMDG-20260609
COCTG,,SPPB,PUERTO BAHIA CARTAGENA,10.2888889,-75.5355556,2025-05-26,,SMDG-20260609
COCTG,,SPRC,SOCIEDAD PORTUARIA REGIONAL DE CARTAGENA (SPRC),10.4058333,-75.5341667,2004-05-31,,SMDG-20260609
COCTG,,TCC,TERMINAL DE CONTENEDORES DE CARTAGENA (CONTECAR),10.3763889,-75.5100000,2004-05-31,,SMDG-20260609
COEJA,,SPITBB,IMPALA TERMINALS BARRANCABERMEJA,7.1052778,-73.8988889,2023-02-06,,SMDG-20260609
COSMR,,SMIT,SANTA MARTA INTERNATIONAL TERMINAL,11.2508333,-74.2152778,2004-05-31,,SMDG-20260609
COTRB,,PANT,PUERTO ANTIOQUIA TERMINAL,7.9422222,-76.7727778,2026-05-01,,SMDG-20260609
COTRB,,TURBO,TURBO,7.9663889,-76.7819444,2014-11-06,,SMDG-20260609
CRCAL,,SPCAD,SOCIEDAD PORTUARIA DE CALDERA S.A.,9.9116667,-84.7197222,2004-05-31,,SMDG-20260609
CRLIO,,JAPDE,LIMON TERMINAL,9.9900000,-83.0219444,2004-05-31,,SMDG-20260609
CRMOB,,APMT,APM TERMINALS MOIN,10.0113889,-83.0977778,2018-08-06,,SMDG-20260609
CRMOB,,TMOIN,TERMINAL DE MOIN,10.0016667,-83.0775000,2004-05-31,,SMDG-20260609
CUHAV,,HABA,TERMINAL DE CONTENEDORES DE LA HABANA,23.1183333,-82.3436111,2004-05-31,,SMDG-20260609
CUMAR,,TCM,TERMINAL DE CONTENEDORES DE MARIEL,23.0069444,-82.7625000,2014-09-02,,SMDG-20260609
CVMIN,,PGM,PORTO GRANDE DO MINDELO,16.8897222,-24.9977778,2025-02-10,,SMDG-20260609
CVRAI,,PRAI,PORTO DA PRAIA,14.9100000,-23.4986111,2022-03-01,,SMDG-20260609
CWWIL,,CPS,CURACAO PORT SERVICES,12.1144444,-68.9147222,2004-05-31,,SMDG-20260609
CYLMS,,DPWLM,DP WORLD LIMASSOL,34.6558333,33.0188889,2017-05-24,,SMDG-20260609
CYLMS,,EGL,EUROGATE CONTAINER TERMINAL LIMASSOL,34.6480556,33.0113889,2016-10-01,,SMDG-20260609
DEBRV,,BLG,BLG AUTOTERMINAL BREMERHAVEN,53.5766667,8.5500000,2005-02-23,,SMDG-20260609
DEBRV,,EGB,EUROGATE CONTAINER TERMINAL BREMERHAVEN,53.5861111,8.5291667,2004-11-16,,SMDG-20260609
DEBRV,,MSCBH,MSC GATE BREMERHAVEN,53.5738889,8.5402778,2004-05-31,,SMDG-20260609
DEBRV,,NTB,NORTH SEA TERMINAL BREMERHAVEN (NTB),53.5972222,8.5175000,2005-02-23,,SMDG-20260609
DECUX,,CXP,CUXPORT EUROPAKAI CUXHAVEN,53.8611111,8.7250000,2024-10-11,,SMDG-20260609
DEHAM,,EGH,EUROGATE CONTAINER TERMINAL HAMBURG,53.5291667,9.9147222,2004-11-16,,SMDG-20260609
DEHAM,,CTA,HHLA CONTAINER TERMINAL ALTENWERDER (CTA),53.5008333,9.9363889,2004-05-17,,SMDG-20260609
DEHAM,,CTB,HHLA CONTAINER TERMINAL BURCHARDKAI (CTB),53.5361111,9.9155556,2004-05-17,,SMDG-20260609
DEHAM,,CTT,HHLA CONTAINER TERMINAL TOLLERORT (CTT),53.5341667,9.9500000,2004-05-17,,SMDG-20260609
DEHAM,,FRU,HHLA FRUCHT- UND KUEHL-ZENTRUM,53.5288889,10.0113889,2018-04-25,,SMDG-20260609
DEHAM,,RMH,RHENUS MIDGARD HAMBURG,53.5275000,9.8997222,2019-09-13,,SMDG-20260609
DEHAM,,SWT,SUD-WEST TERMINAL,53.5333333,9.9877778,2004-06-25,,SMDG-20260609
DEHAM,,UCT,UNIKAI - UCT (O'SWALDKAI),53.5308333,10.0002778,2005-02-23,,SMDG-20260609
DELBC,,CTL,CARGO-TERMINAL LEHMANN (CTL),53.9041667,10.7705556,2026-05-01,,SMDG-20260609
DEWVN,,EGW,EUROGATE CONTAINER TERMINAL WILHELMSHAVEN,53.5938889,8.1511111,2015-01-20,,SMDG-20260609
DJJIB,,DCT,DORALEH CONTAINER TERMINAL SGTD,11.5980556,43.1061111,2020-12-01,,SMDG-20260609
DJJIB,,DMP,DORALEH MULTI-PURPOSE PORT,11.6005556,43.0691667,2021-03-01,,SMDG-20260609
DKAAL,,DKACT,AALBORG CONTAINER TERMINAL,57.0475000,10.0555556,2016-11-01,,SMDG-20260609
DKAAR,,APMT,APM TERMINALS AARHUS,56.1541667,10.2413889,2006-08-23,,SMDG-20260609
DKCPH,,CMPDK,CMP CONTAINER TERMINAL COPENHAGEN,55.7111111,12.6050000,2006-05-22,,SMDG-20260609
DKFRC,,FCT,FREDERICIA CONTAINER TERMINAL,55.5580556,9.7452778,2008-01-16,,SMDG-20260609
DKKAL,,APMT,APM TERMINALS KALUNDBORG,55.6622222,11.0661111,2021-04-01,,SMDG-20260609
DKKAL,,DKKAL,KALUNDBORG CONTAINER TERMINAL,55.6752778,11.0955556,2016-09-30,,SMDG-20260609
DKSKA,,CTS,CONTAINER TERMINAL SKAGEN (CTS),57.7172222,10.6008333,2026-05-01,,SMDG-20260609
DMRSU,,WRBP,WOODBRIDGE BAY PORT ROSEAU,15.3122222,-61.3897222,2022-01-19,,SMDG-20260609
DOCAU,,DPCAU,DP WORLD CAUCEDO,18.4233333,-69.6305556,2004-05-31,,SMDG-20260609
DOHAI,,HIT,HAINA INTERNATIONAL TERMINALS,18.4250000,-70.0175000,2004-05-31,,SMDG-20260609
DZAAE,,EPAN,ANNABA PORT,36.8944444,7.7616667,2022-03-01,,SMDG-20260609
DZALG,,DPW,DP WORLD DJAZAIR,36.7594444,3.0697222,2024-12-21,,SMDG-20260609
DZALG,,EPAL,ENTREPRISE PORTUAIRE D'ALGER (EPAL),36.7650000,3.0655556,2004-05-31,,SMDG-20260609
DZBJA,,BMT,BEJAIA MEDITERRANNEAN TERMINAL (BMT),36.7413889,5.0783333,2022-03-01,,SMDG-20260609
DZDJE,,DPW,DP WORLD DJEN DJEN,36.8211111,5.8888889,2022-03-01,,SMDG-20260609
DZMOS,,EPM,MOSTAGANEM TERMINAL EPM,35.9344444,0.0761111,2026-05-01,,SMDG-20260609
DZORN,,EPO,ENTREPRISE PORTUAIRE D'ORAN (EPO),35.7113889,-0.6402778,2004-05-31,,SMDG-20260609
DZSKI,,EPS,SKIKDA PORT,36.8858333,6.9044444,2022-03-01,,SMDG-20260609
ECGYE,,CONTE,CONTECON GUAYAQUIL,-2.2833333,-79.9016667,2004-05-31,,SMDG-20260609
ECGYE,,BANA,TERMINAL BANANAPUERTO,-2.2530556,-79.9269444,2004-05-31,,SMDG-20260609
ECGYE,,FERPOR,TERMINAL PORTUARIO FERTISA,-2.2550000,-79.9094444,2016-11-09,,SMDG-20260609
ECGYE,,TPG,TPG - TERMINAL PORTUARIO GUAYAQUIL (INARPI),-2.2461111,-79.9291667,2004-05-31,,SMDG-20260609
ECPBO,,ECPBO,YILPORT TERMINAL PUERTO BOLIVAR,-3.2652778,-80.0002778,2018-02-19,,SMDG-20260609
ECPSJ,,DPWPSJ,DP WORLD POSORJA,-2.6922222,-80.2472222,2019-06-04,,SMDG-20260609
EEMUG,,TKM,TK MUUGA CONTAINER TERMINAL,59.4916667,24.9677778,2015-04-07,,SMDG-20260609
EGAKI,,AQCT,HUTCHISON ABUQIR,31.3125000,30.0777778,2023-12-12,,SMDG-20260609
EGALY,,ACHC,ACHC ALEXANDRIA,31.1883333,29.8741667,2004-05-31,,SMDG-20260609
EGALY,,DEKHEI,ACHC EL DEKHEILA,31.1400000,29.7941667,2015-06-20,,SMDG-20260609
EGALY,,AICT,AICT ALEXANDRIA,31.1691667,29.8611111,2004-05-31,,SMDG-20260609
EGALY,,ALEXAN,AICT EL DEKHEILA,31.1438889,29.7927778,2015-06-20,,SMDG-20260609
EGALY,,TMT,TMT TRANS MISR TERMINAL ALEXANDRIA,31.1833333,29.8669444,2025-04-01,,SMDG-20260609
EGDAM,,DACT,DAMIETTA ALLIANCE CONTAINER TERMINAL,31.4586111,31.7727778,2023-12-12,,SMDG-20260609
EGDAM,,DCHC,DAMIETTA CONTAINER & HANDLING - DCHC,31.4597222,31.7580556,2014-07-22,,SMDG-20260609
EGPSD,,PSCCH,PORT SAID CONTR & CARGO HANDLING (PSCCHC),31.2444444,32.3016667,2004-05-31,,SMDG-20260609
EGPSD,EGPSE,SCCT,SUEZ CANAL CONTAINER TERMINAL (SCCT),31.2116667,32.3569444,2004-05-31,,SMDG-20260609
EGSGA,,STOC,NOATUM PORTS SAFAGA TERMINAL,26.6944444,33.9400000,2026-06-09,,SMDG-20260609
EGSOK,,DPWSOK,DP WORLD SOKHNA,29.6497222,32.3513889,2018-05-25,,SMDG-20260609
EGSOK,,RSCT,RED SEA CONTAINER TERMINALS (RSCT),29.6441667,32.3405556,2025-12-16,,SMDG-20260609
ESACE,,BMT,BOLUDA MARITIME TERMINALS LANZAROTE,28.9711111,-13.5291667,2023-09-07,,SMDG-20260609
ESACE,,LMM,"PORT OF ARRECIFE, LANZAROTE",28.9691667,-13.5297222,2005-08-18,,SMDG-20260609
ESAGP,,NOATM,MALAGA TERMINAL,36.7047222,-4.4200000,2017-04-27,,SMDG-20260609
ESALC,,TMS,TERMINAL MARITIMA DEL SURESTE,38.3297222,-0.4997222,2022-06-01,,SMDG-20260609
ESALG,,APM,APM TERMINALS ALGECIRAS,36.1413889,-5.4361111,2004-05-17,,SMDG-20260609
ESALG,,TTI,TOTAL TERMINAL INTERNATIONAL ALGECIRAS,36.1297222,-5.4227778,2014-10-22,,SMDG-20260609
ESBCN,,BEST,BARCELONA EUROPE SOUTH TERMINAL (BEST),41.3097222,2.1483333,2017-08-04,,SMDG-20260609
ESBCN,,TCB,CONTAINER TERMINAL BARCELONA (TCB),41.3525000,2.1697222,2004-05-17,,SMDG-20260609
ESBCN,,PNOU3,TERMINAL PORT NOU,41.3466667,2.1719444,2015-06-12,,SMDG-20260609
ESBIO,,BMB,BERGE MARITIMA BILBAO,43.3388889,-3.0338889,2015-11-04,,SMDG-20260609
ESBIO,,NOATB,CSP SPAIN BILBAO TERMINAL,43.3427778,-3.0458333,2004-05-31,,SMDG-20260609
ESCAD,,TCD,"CONCASA CONTAINER TERMINAL, REINA SOFIA QUAY",36.5377778,-6.2872222,2005-07-21,,SMDG-20260609
ESCAR,,TMC,TERMINAL MARITIMA DE CARTAGENA (TMC),37.5941667,-0.9738889,2005-08-18,,SMDG-20260609
ESCAS,,APMT,APM TERMINALS CASTELLON,39.9627778,0.0275000,2022-06-01,2025-01-31,SMDG-20260609
ESCAS,,NTC,NOATUM TERMINAL CASTELLON,39.9641667,0.0280556,2022-06-01,,SMDG-20260609
ESCEU,,CETRU,DIQUE DE PONIENTE CEUTA,35.8977778,-5.3238889,2005-08-18,,SMDG-20260609
ESFRO,,FCT,YILPORT FERROL CONTAINER TERMINAL,43.4647222,-8.3227778,2025-07-16,,SMDG-20260609
ESFUE,,ESMA,PUERTO DEL ROSARIO,28.4941667,-13.8552778,2023-09-07,,SMDG-20260609
ESFUE,,BMT,TERMINAL MARITIMA DE FUERTEVENTURA,28.4925000,-13.8550000,2023-09-07,,SMDG-20260609
ESGIJ,,TEGIJ,TERMINAL GIJON,43.5550000,-5.6894444,2004-05-31,,SMDG-20260609
ESHUV,,PDH,HUELVA CONTAINER TERMINAL,37.1513889,-6.8800000,2020-09-01,,SMDG-20260609
ESLCG,,TMGA,TERMINALES MARITIMOS DE GALICIA (TMGA),43.3591667,-8.3927778,2015-11-01,,SMDG-20260609
ESLEI,,ALMT,ALMERIA TERMINAL,36.8313889,-2.4733333,2022-06-01,,SMDG-20260609
ESLPA,,LALUZ,BOLUDA MARITIME TERMINALS LA LUZ,28.1425000,-15.4119444,2004-05-31,,SMDG-20260609
ESLPA,,OPCSA,"OPERACIONES PORTUARIAS, S.A.",28.1330556,-15.4147222,2017-01-29,,SMDG-20260609
ESMLN,,EPN,MELILLA PORT,35.2911111,-2.9269444,2005-10-07,,SMDG-20260609
ESMPG,,MPT,MARIN PORT TERMINAL,42.4052778,-8.6927778,2015-11-01,,SMDG-20260609
ESSAG,,INTERS,"INTERSAGUNTO TERMINALES, S.A.",39.6444444,-0.2166667,2017-01-29,,SMDG-20260609
ESSCT,,CAPSA,BOLUDA MARITIME TERMINALS TENERIFE,28.4875000,-16.2286111,2005-08-22,,SMDG-20260609
ESSCT,,ESTCT,CONTAINER TERMINAL TENERIFE (TCT),28.4891667,-16.2236111,2013-04-11,,SMDG-20260609
ESSDR,,BMT,BOLUDA MARITIME TERMINALS SANTANDER,43.4461111,-3.8205556,2023-09-07,,SMDG-20260609
ESSPC,,BMT,BOLUDA MARITIME TERMINALS LA PALMA,28.6758333,-17.7686111,2024-03-01,,SMDG-20260609
ESSVQ,,TMG,TERMINAL MARITIMA DEL GUADALQUIVIR,37.3550000,-5.9975000,2024-03-01,,SMDG-20260609
ESTAR,,DPWTA,DP WORLD TARRAGONA,41.0952778,1.2102778,2004-05-31,,SMDG-20260609
ESTAR,,FRUPO,FRUPORT TARRAGONA,41.1058333,1.2397222,2004-05-31,,SMDG-20260609
ESVGO,,TMI,TERMINALES MARITIMAS DE VIGO (TERMAVI),42.2461111,-8.7102778,2005-10-07,,SMDG-20260609
ESVIL,,BMT,BOLUDA MARITIME TERMINALS VILAGARCIA,42.5980556,-8.7825000,2023-09-07,,SMDG-20260609
ESVLC,,TCV,APM TERMINALS VALENCIA (TCV),39.4522222,-0.3186111,2004-05-17,,SMDG-20260609
ESVLC,,NOATV,CSP IBERIAN VALENCIA TERMINAL,39.4325000,-0.3238889,2004-05-31,,SMDG-20260609
ESVLC,,MSCVC,MSC TERMINAL VALENCIA,39.4388889,-0.3236111,2004-05-31,,SMDG-20260609
FIHEL,,FSHVU,FINNSTEVE TERMINAL HELSINKI,60.2152778,25.1930556,2006-03-13,,SMDG-20260609
FIHEL,,MLTHEL,MULTI-LINK TERMINAL HELSINKI,60.2122222,25.1919444,2015-03-17,,SMDG-20260609
FIHEL,,FIVCT,STEVECO TERMINAL HELSINKI,60.2147222,25.1877778,2008-10-27,,SMDG-20260609
FIHMN,,FIHMN,PORT OF HAMINA,60.5263889,27.1700000,2006-02-27,2025-01-31,SMDG-20260609
FIKEM,,KEMP,KEMI PORT,65.6619444,24.5211111,2022-01-19,,SMDG-20260609
FIKOK,,AWT,ALL WEATHER TERMINAL KOKKOLA,63.8444444,23.0197222,2019-09-13,,SMDG-20260609
FIKOK,,STE,SILVERSTONE PORT,63.8597222,23.0361111,2019-09-13,,SMDG-20260609
FIKTK,,FIKCT,KOTKA CONTAINER TERMINAL,60.4211111,26.9091667,2006-02-27,,SMDG-20260609
FIKTK,,MLTKTK,MULTI-LINK TERMINAL KOTKA,60.4241667,26.9097222,2015-03-17,,SMDG-20260609
FIKTK,,FIHIE,RORO TERMINAL HIETANEN,60.4855556,26.9461111,2006-02-27,,SMDG-20260609
FIMTY,,FHCL,MANTYLUOTO (PORT OF PORI),61.5969444,21.4700000,2009-02-20,,SMDG-20260609
FIOUL,,OULP,OULU PORT,64.9977778,25.4133333,2022-01-19,,SMDG-20260609
FIRAU,,REU,RAUMA PORT,61.1305556,21.4327778,2015-10-09,,SMDG-20260609
FITKU,,FSTP,TURKU PANSIO HARBOUR,60.4425000,22.1680556,2006-03-13,,SMDG-20260609
FITKU,,FSTW,TURKU WEST HARBOUR,60.4380556,22.2125000,2006-03-13,,SMDG-20260609
FITOR,,TORP,PORT OF TORNIO (ROYTTA),65.7538889,24.1588889,2022-01-19,,SMDG-20260609
FJLTK,,POLT,PORT OF LAUTOKA (QUEENS WHARF),-17.6041667,177.4383333,2025-02-01,,SMDG-20260609
FJSUV,,POSU,PORT OF SUVA,-18.1325000,178.4250000,2014-02-06,,SMDG-20260609
FOTOR,,PTOR,PORT OF TORSHAVN,62.0027778,-6.7608333,2025-02-01,,SMDG-20260609
FRBES,,BMCT,BREST MULTIMODAL CONTAINER TERMINAL,48.3838889,-4.4650000,2022-06-01,,SMDG-20260609
FRDKK,,TDF,TERMINAL DES FLANDRES,51.0144444,2.1836111,2017-09-15,,SMDG-20260609
FRFOS,,EURFO,EUROFOS,43.4066667,4.8502778,2004-05-31,,SMDG-20260609
FRFOS,,SEYA,SEAYARD,43.4197222,4.8300000,2004-05-31,,SMDG-20260609
FRLEH,,TDF,TERMINAL DE FRANCE (GMP),49.4575000,0.1700000,2006-06-08,,SMDG-20260609
FRLEH,,QATL,TERMINAL DE L'ATLANTIQUE (CNMP),49.4736111,0.1536111,2004-05-31,,SMDG-20260609
FRLEH,,AMQ,"TERMINAL NORD, QUAI DES AMERIQUES",49.4761111,0.1652778,2005-10-07,2025-01-31,SMDG-20260609
FRLEH,,TPO,TERMINAL PORTE OCEANE,49.4597222,0.1538889,2006-10-27,2025-01-31,SMDG-20260609
FRLEH,,TMS,TERMINAUX DE NORMANDIE (TNMSC/TPO),49.4611111,0.1447222,2012-04-02,,SMDG-20260609
FRLEH,,EUP,TERMINAUX NORD (GMP),49.4813889,0.1780556,2005-10-07,,SMDG-20260609
FRMRS,,MET,MED EUROPE TERMINAL,43.3483333,5.3363889,2024-08-20,,SMDG-20260609
FRMRS,,TCP,TERMINAL CAP PINEDE,43.3283333,5.3513889,2024-08-20,,SMDG-20260609
FRMRS,,TRS,TERMINAL ROULIER SUD,43.3183333,5.3611111,2024-08-20,,SMDG-20260609
FRMTX,,TGO,TERMINAL DU GRAND OUEST MONTOIR,47.3000000,-2.1500000,2017-11-23,,SMDG-20260609
GALBV,,OCT,OWENDO CONTAINER TERMINAL,0.2844444,9.5063889,2023-09-07,,SMDG-20260609
GAPOG,,CGEME,CGEME PORT-GENTIL,-0.6888889,8.7752778,2023-12-12,,SMDG-20260609
GBBEL,,VIC3,VICTORIA TERMINAL 3 (VT3),54.6322222,-5.8847222,2015-05-22,,SMDG-20260609
GBFXT,,DLY,DOOLEY RORO TERMINAL,51.9519444,1.3141667,2004-05-31,,SMDG-20260609
GBFXT,,LNG,LANDGUARD TERMINAL (BERTHS 8&9),51.9477778,1.3147222,2004-05-31,,SMDG-20260609
GBFXT,,TTY,TRINITY TERMINAL,51.9605556,1.2966667,2004-05-31,,SMDG-20260609
GBGRG,,GBGR,GRANGEMOUTH TERMINAL,56.0241667,-3.6991667,2004-05-31,,SMDG-20260609
GBGRK,,CLYDE,CLYDEPORT CONTAINER TERMINAL,55.9558333,-4.7619444,2017-03-09,,SMDG-20260609
GBHUL,,HCT,HULL CONTAINER TERMINAL,53.7388889,-0.2630556,2006-07-10,,SMDG-20260609
GBIMM,,ICT,IMMINGHAM CONTAINER TERMINAL (EXXTOR),53.6302778,-0.1938889,2022-08-01,,SMDG-20260609
GBLGP,,DPWLG,LONDON GATEWAY,51.5072222,0.4833333,2014-02-06,,SMDG-20260609
GBLIV,,L2CT,LIVERPOOL2 CONTAINER TERMINAL,53.4530556,-3.0238889,2022-06-01,,SMDG-20260609
GBLIV,,RSCT,ROYAL SEAFORTH CONTAINER TERMINAL (RSCT),53.4613889,-3.0216667,2015-05-22,,SMDG-20260609
GBPRU,,PCT,PORTBURY CONTAINER TERMINAL,51.4941667,-2.7233333,2022-05-01,,SMDG-20260609
GBRCS,,LTP,LONDON THAMESPORT CONTAINER TERMINAL,51.4327778,0.6863889,2004-05-31,,SMDG-20260609
GBSOU,,DPWS,DP WORLD SOUTHAMPTON,50.9072222,-1.4572222,2015-05-22,,SMDG-20260609
GBSSH,,TYNE,PORT OF TYNE CONTAINER TERMINAL,54.9850000,-1.4555556,2022-08-01,,SMDG-20260609
GBTEE,,TEES,TEESPORT CONTAINER TERMINAL,54.6055556,-1.1580556,2017-03-09,,SMDG-20260609
GBTIL,,LCT,LONDON CONTAINER TERMINAL,51.4597222,0.3369444,2015-09-21,,SMDG-20260609
GDSTG,,PSTG,PORT OF ST. GEORGE'S,12.0480556,-61.7497222,2022-01-19,,SMDG-20260609
GEBUS,,BICT,BATUMI INTERNATIONAL CONTAINER TERMINAL (BICT),41.6488889,41.6572222,2022-01-19,,SMDG-20260609
GEPTI,,APMT,APM TERMINALS POTI,42.1522222,41.6533333,2020-01-24,,SMDG-20260609
GEPTI,,PNSPCT,POTI NEW SEA PORT CONTAINER TERMINAL,42.1572222,41.6552778,2024-03-01,,SMDG-20260609
GFDDC,,GPMG,DEGRAD DES CANNES TERMINAL,4.8547222,-52.2744444,2025-05-01,,SMDG-20260609
GHTEM,,TPT1,TEMA PORT TERMINAL 1 (GPHA),5.6300000,0.0086111,2024-12-21,,SMDG-20260609
GHTEM,,TPT2,TEMA PORT TERMINAL 2 (GPHA),5.6250000,0.0083333,2024-12-21,,SMDG-20260609
GHTEM,,MPS3,TEMA PORT TERMINAL 3 (MPS),5.6141667,-0.0116667,2019-07-05,,SMDG-20260609
GHTKD,,TKD1,TAKORADI PORT,4.8858333,-1.7380556,2020-05-01,,SMDG-20260609
GIGIB,,GIBNM,"GIBRALTAR NORTH MOLE, BERTH 6",36.1477778,-5.3638889,2004-05-31,,SMDG-20260609
GMBJL,,GPA,PORT OF BANJUL,13.4441667,-16.5733333,2022-05-01,,SMDG-20260609
GNCKY,,CCT,CONAKRY CONTAINER TERMINAL,9.5108333,-13.7219444,2022-01-19,,SMDG-20260609
GPPTP,,JARRY,TERMINAL DE JARRY,16.2300000,-61.5441667,2023-01-01,,SMDG-20260609
GQBSG,,PBAT,PORT OF BATA,1.8241667,9.7422222,2022-01-19,,SMDG-20260609
GQSSG,,PMAL,PORT OF MALABO,3.7611111,8.7777778,2022-01-19,,SMDG-20260609
GRHER,,HPA,HERAKLION PORT AUTHORITY,35.3447222,25.1497222,2022-03-01,,SMDG-20260609
GRPIR,,GRPCT,PIRAEUS CONTAINER TERMINAL,37.9586111,23.5863889,2015-03-11,,SMDG-20260609
GRPIR,,PPA,PIRAEUS PORT AUTHORITY,37.9566667,23.5977778,2004-05-31,,SMDG-20260609
GRSKG,,THPASA,THESSALONIKI PORT AUTHORITY,40.6355556,22.9061111,2015-09-21,,SMDG-20260609
GRVOL,,VPA,VOLOS PORT AUTHORITY,39.3572222,22.9358333,2022-03-01,,SMDG-20260609
GTPBR,,TFPB,TERMINAL FERROVIARIA PUERTO BARRIOS,15.7344444,-88.6058333,2015-02-11,,SMDG-20260609
GTPRQ,,TCQ,APM TERMINALS QUETZAL,13.9272222,-90.7911111,2017-05-23,,SMDG-20260609
GTPRQ,,EPQEZ,EMPRESA PORTUARIA QUETZAL (EPQ),13.9255556,-90.7861111,2004-05-31,,SMDG-20260609
GTSTC,,EPSTC,EMPRESA PORTUARIA NACIONAL TERMINAL,15.6963889,-88.6161111,2004-05-31,,SMDG-20260609
GUGUM,,APRA,APRA HARBOR COMMERICIAL PORT GUAM (PAG),13.4608333,144.6694444,2025-01-14,,SMDG-20260609
GWOXB,,BIST,BISSAU TERMINAL,11.8588889,-15.5772222,2023-01-01,,SMDG-20260609
GYGEO,,JFL,JOHN FERNANDES WHARF,6.8122222,-58.1683333,2025-06-18,,SMDG-20260609
GYGEO,,MUN,MUNESHWERS WHARF GEORGETOWN,6.8141667,-58.1680556,2025-02-10,,SMDG-20260609
HKHKG,,ACTHK,ASIA CONTAINER TERMINALS (ACT),22.3247222,114.1263889,2010-10-22,,SMDG-20260609
HKHKG,,CMC,CHINA MERCHANTS CONTAINER SERVICES,22.3308333,114.0894444,2015-06-24,,SMDG-20260609
HKHKG,,CHTHK,COSCO-HIT (CHT),22.3263889,114.1322222,2010-10-22,,SMDG-20260609
HKHKG,,DPWHK,DP WORLD HONG KONG - CT3,22.3422222,114.1225000,2010-10-22,,SMDG-20260609
HKHKG,,HITHK,HONG KONG INTERNATIONAL TERMINALS (HIT),22.3322222,114.1258333,2010-10-22,,SMDG-20260609
HKHKG,,MTLHK,HONG KONG MODERN TERMINALS (MTL),22.3477778,114.1205556,2010-10-22,,SMDG-20260609
HKHKG,,RTT,RIVER TRADE TERMINAL (RTT),22.3647222,113.9419444,2022-06-01,,SMDG-20260609
HNPCA,,PCA,ENP PUERTO CASTILLA,16.0052778,-85.9700000,2025-01-14,,SMDG-20260609
HNPCR,,ENPCR,ENP PUERTO CORTES,15.8430556,-87.9458333,2004-05-31,,SMDG-20260609
HNSLO,,ENPSL,ENP SAN LORENZO,13.4022222,-87.4250000,2016-07-28,,SMDG-20260609
HRPLE,,LPT,LUKA PLOCE TERMINAL,43.0438889,17.4283333,2022-03-01,,SMDG-20260609
HRRJK,,AGCT,ADRIATIC GATE CONTAINER TERMINAL (AGCT),45.3200000,14.4541667,2019-10-04,,SMDG-20260609
HRRJK,,RGW,RIJEKA GATEWAY (RGW),45.3305556,14.4194444,2025-07-16,,SMDG-20260609
HTLFF,,LFU,PORT LAFITO,18.6938889,-72.3650000,2021-03-01,,SMDG-20260609
HTPAP,,PAPCT,PORT-AU-PRINCE CONTAINER TERMINAL (PAPCT),18.5569444,-72.3500000,2022-06-01,,SMDG-20260609
HTPAP,,TVB,TVB PORT-AU-PRINCE TERMINAL,18.5730556,-72.3483333,2020-10-01,,SMDG-20260609
IDAMQ,,TPAM,TERMINAL PETIKEMAS AMBON,-3.6933333,128.1769444,2024-10-21,,SMDG-20260609
IDBDJ,,PERUMP,TRISAKTI PORT BANJARMASIN,-3.3275000,114.5583333,2018-08-06,,SMDG-20260609
IDBIT,,TPBT,TERMINAL PETIKEMAS BITUNG,1.4391667,125.1983333,2024-10-11,,SMDG-20260609
IDBLW,,BNCTA,BELAWAN NEW CONTAINER TERMINAL (BNCT) TERMINAL A,3.7988889,98.7211111,2024-10-21,,SMDG-20260609
IDBLW,,BNCTB,BELAWAN NEW CONTAINER TERMINAL (BNCT) TERMINAL B,3.7936111,98.7155556,2024-10-21,,SMDG-20260609
IDBTM,IDBUR,AMPAR,PORT OF BATU AMPAR,1.1663889,104.0022222,2015-03-10,,SMDG-20260609
IDDJB,,TPJB,IPC TERMINAL PETIKEMAS JAMBI,-1.5341667,103.6594444,2024-10-21,,SMDG-20260609
IDDJJ,,TPJP,TERMINAL PETIKEMAS JAYAPURA,-2.5450000,140.7138889,2024-10-21,,SMDG-20260609
IDJKT,,KADE,CONVENTIONAL TANJUNG PRIOK PORT,-6.1016667,106.8833333,2015-06-12,,SMDG-20260609
IDJKT,,TER3,IPC TERMINAL PETIKEMAS TANJUNG PRIOK,-6.1005556,106.8905556,2024-01-25,,SMDG-20260609
IDJKT,,UTC1,JAKARTA INTERNATIONAL CONTAINER TERMINAL (UTC1),-6.0977778,106.8930556,2015-06-12,,SMDG-20260609
IDJKT,,UTC3,KOJA CONTAINER TERMINAL (UTC3),-6.1019444,106.9041667,2015-06-12,,SMDG-20260609
IDJKT,,NPCT1,NEW PRIOK CONTAINER TERMINAL ONE,-6.0941667,106.9200000,2021-10-24,,SMDG-20260609
IDJKT,,TSJ,TANGGUH SAMUDERA JAYA,-6.1041667,106.8905556,2024-10-11,,SMDG-20260609
IDJKT,,T300,TERMINAL MUSTIKA ALAM LESTARI (MAL),-6.0975000,106.8894444,2015-06-12,,SMDG-20260609
IDKDI,,KNP,TERMINAL PETIKEMAS KENDARI NEW PORT (KNP),-3.9930556,122.6213889,2024-10-21,,SMDG-20260609
IDKOE,,TPKU,TERMINAL PETIKEMAS KUPANG,-10.1980556,123.5277778,2024-10-11,,SMDG-20260609
IDKRG,,KKT,KALTIM KARIANGAU TERMINAL,-1.1619444,116.7794444,2024-10-21,,SMDG-20260609
IDKTJ,,KTMT,KUALA TANJUNG MULTIPURPOSE TERMINAL (KTMT),3.3822222,99.4677778,2024-10-21,,SMDG-20260609
IDMAK,,TPM,MAKASSAR CONTAINER TERMINAL,-5.1297222,119.4044444,2024-10-11,,SMDG-20260609
IDMAK,,MNP,MAKASSAR NEW PORT CONTAINER TERMINAL,-5.0955556,119.4161111,2024-10-11,,SMDG-20260609
IDPLM,,BOOMBA,TERMINAL PETIKEMAS PALEMBANG BOOM BARU,-2.9805556,104.7786111,2018-08-06,,SMDG-20260609
IDPNJ,,TPPJ,IPC TERMINAL PETIKEMAS PANJANG,-5.4655556,105.3155556,2022-05-01,,SMDG-20260609
IDPNK,,TPKP,IPC TERMINAL PETIKEMAS PONTIANAK,-0.0069444,109.3222222,2024-10-11,,SMDG-20260609
IDPTL,,TPPT,TERMINAL PETIKEMAS PANTOLOAN,-0.7111111,119.8561111,2024-10-21,,SMDG-20260609
IDPWG,,TPPW,TERMINAL PETIKEMAS PERAWANG,0.6783333,101.6461111,2024-10-21,,SMDG-20260609
IDSOQ,,TPSO,TERMINAL PETIKEMAS SORONG,-0.8775000,131.2438889,2024-10-21,,SMDG-20260609
IDSRG,,TPKS,TERMINAL PETIKEMAS SEMARANG,-6.9388889,110.4238889,2022-05-01,,SMDG-20260609
IDSRI,,TPPL,TERMINAL PETIKEMAS PALARAN,-0.5719444,117.2069444,2024-10-11,,SMDG-20260609
IDSUB,,BJTI,BERLIAN JASA TERMINAL INDONESIA (BJTI),-7.2055556,112.7261111,2015-05-03,,SMDG-20260609
IDSUB,,TPNI,TERMINAL PETIKEMAS NILAM,-7.2052778,112.7233333,2024-10-21,,SMDG-20260609
IDSUB,,TPS,TERMINAL PETIKEMAS SURABAYA (TPS),-7.1977778,112.7102778,2005-09-19,,SMDG-20260609
IDSUB,,TTL,TERMINAL TELUK LAMONG,-7.1869444,112.6875000,2024-10-21,,SMDG-20260609
IDTBR,,TPTB,IPC TERMINAL PETIKEMAS TELUK BAYUR,-1.0000000,100.3716667,2024-10-11,,SMDG-20260609
IDTRK,,TPTR,TERMINAL PETIKEMAS TARAKAN,3.2805556,117.5941667,2024-10-21,,SMDG-20260609
IEDUB,,AQCT,ALEXANDRA QUAY CONTAINER TERMINAL (DSG),53.3472222,-6.2094444,2025-01-14,,SMDG-20260609
IEDUB,,DFP,DUBLIN FERRYPORT TERMINAL,53.3466667,-6.2002778,2015-06-12,,SMDG-20260609
IEDUB,,MTL,MARINE TERMINALS LTD,53.3433333,-6.2105556,2015-06-12,,SMDG-20260609
IEDUB,,POEURO,P&O EUROPEAN FERRIES TERMINAL,53.3458333,-6.2202778,2015-06-12,2025-01-31,SMDG-20260609
IEDUB,,PORTRO,PORTROE TERMINAL,53.3486111,-6.2158333,2015-06-12,2025-01-31,SMDG-20260609
IEORK,,CCT,CORK CONTAINER TERMINAL,51.8344444,-8.3233333,2022-06-01,,SMDG-20260609
IEORK,,RDT,RINGASKIDDY DEEPWATER TERMINAL,51.8338889,-8.3286111,2019-07-05,,SMDG-20260609
IEORK,,TIVO,TIVOLI TERMINAL,51.9002778,-8.4158333,2015-06-12,,SMDG-20260609
IEWAT,,BLVW,BELVIEW CONTAINER TERMINAL WATERFORD,52.2650000,-7.0336111,2024-12-21,,SMDG-20260609
ILASH,,APCL,"ASHDOD PORT CO., LTD.",31.8344444,34.6477778,2004-05-31,,SMDG-20260609
ILASH,,HCT,HADAROM CONTAINER TERMINAL,31.8433333,34.6472222,2022-06-01,,SMDG-20260609
ILHFA,,BAYP,HAIFA BAYPORT TERMINAL,32.8277778,35.0275000,2022-01-19,,SMDG-20260609
ILHFA,,HPCL,"HAIFA PORT CO., LTD.",32.8172222,35.0152778,2004-05-31,,SMDG-20260609
INCCU,,CPL,CENTURY PORTS LIMITED (CPL),22.5430556,88.3150000,2026-02-11,,SMDG-20260609
INCCU,,CALCUT,KOLKATA DOCK SYSTEM (KDS),22.5400000,88.3002778,2015-06-12,,SMDG-20260609
INCOK,,ICTT,KOCHI INTL CONTAINER TRANSSHIPMENT TERMINAL (ICTT),9.9780556,76.2522222,2020-02-01,,SMDG-20260609
INENR,,AECTPL,ADANI ENNORE CONTAINER TERMINAL,13.2719444,80.3377778,2019-07-05,,SMDG-20260609
INGGV,,AGPCT,ADANI GANGAVARAM PORT CONTAINER TERMINAL,17.6275000,83.2330556,2024-09-27,,SMDG-20260609
INHAL,,HICT,HALDIA INTERNATIONAL CONTAINER TERMINAL (HICT),22.0375000,88.0852778,2022-02-01,,SMDG-20260609
INHZA,,AHCT,ADANI HAZIRA CONTAINER TERMINAL,21.0855556,72.6300000,2021-10-24,,SMDG-20260609
INIXE,,NMPT,NEW MANGALORE PORT,12.9333333,74.8183333,2015-06-24,,SMDG-20260609
INIXY,,KICT,KANDLA INTERNATIONAL CONTAINER TERMINAL (KICT),22.9855556,70.2244444,2023-09-07,,SMDG-20260609
INKAK,,KCT,KAKINADA CONTAINER TERMINAL (KCT),16.9636111,82.2794444,2022-02-01,,SMDG-20260609
INKAT,,KICT,KATTUPALLI INTERNATIONAL CONTAINER TERMINAL (KICT),13.3119444,80.3469444,2021-10-24,,SMDG-20260609
INKRI,,KPCT,ADANI KRISHNAPATNAM CONTAINER TERMINAL,14.2544444,80.1144444,2021-04-01,,SMDG-20260609
INMAA,,CCTL,CHENNAI CONTAINER TERMINAL (CCTL),13.1058333,80.2986111,2005-09-19,,SMDG-20260609
INMAA,,CITPL,CHENNAI INTERNATIONAL CONTAINER TERMINAL (CITPL),13.0938889,80.3016667,2015-06-20,,SMDG-20260609
INMRM,,MPT,MORMUGAO PORT TRUST (MPT),15.4027778,73.8080556,2021-10-24,,SMDG-20260609
INMUN,,ACMTPL,ADANI CMA MUNDRA CONTAINER TERMINAL (ACMTPL),22.7388889,69.6858333,2020-04-01,,SMDG-20260609
INMUN,,AICTPL,ADANI INTERNATIONAL CONTAINER TERMINAL (AICTPL),22.7388889,69.6961111,2015-06-12,,SMDG-20260609
INMUN,,AMCT,ADANI MUNDRA CONTAINER TERMINAL (AMCT),22.7461111,69.7080556,2020-04-01,,SMDG-20260609
INMUN,,MICT,MUNDRA INTERNATIONAL CONTAINER TERMINAL (MICT),22.7433333,69.7122222,2005-09-19,,SMDG-20260609
INNSA,,BMCT,BHARAT MUMBAI CONTAINER TERMINALS,18.9333333,72.9333333,2018-09-17,,SMDG-20260609
INNSA,,GTICI,GATEWAY TERMINALS INDIA (GTI),18.9483333,72.9413889,2019-04-16,,SMDG-20260609
INNSA,,NSIGT,NHAVA SHEVA (INDIA) GATEWAY TERMINAL (NSIGT),18.9630556,72.9505556,2019-04-16,,SMDG-20260609
INNSA,,NSDT,NHAVA SHEVA DISTRIBUTION TERMINAL,18.9494444,72.9466667,2024-08-20,,SMDG-20260609
INNSA,,NSFT,NHAVA SHEVA FREEPORT TERMINAL,18.9550000,72.9466667,2023-04-13,,SMDG-20260609
INNSA,,NSICT,NHAVA SHEVA INTERNATIONAL CONTAINER TERMINAL (NSICT),18.9583333,72.9483333,2019-04-16,,SMDG-20260609
INPPV,INPAV,APMT,APM TERMINALS PIPAVAV,20.9202778,71.5108333,2019-01-17,,SMDG-20260609
INPRT,,PICT,PARADIP INTERNATIONAL CARGO TERMINAL (PICT),20.2658333,86.6680556,2026-05-01,,SMDG-20260609
INTRV,,AVPPL,ADANI VIZHINJAM PORT PVT. LTD.,8.3691667,76.9969444,2025-02-01,,SMDG-20260609
INTUT,,DBGT,DAKSHIN BHARAT GATEWAY TERMINAL,8.7513889,78.2141667,2015-06-12,,SMDG-20260609
INTUT,,PSASIC,PSA SICAL TERMINAL,8.7491667,78.2163889,2015-06-12,,SMDG-20260609
INTUT,,TICT,TUTICORIN INTERNATIONAL CONTAINER TERMINAL,8.7525000,78.2116667,2024-09-02,,SMDG-20260609
INVTZ,,VCT,VISAKHA CONTAINER TERMINAL,17.6941667,83.3000000,2018-12-18,,SMDG-20260609
IQUQR,,BGTE,BASRA GATEWAY TERMINAL EAST,30.0627778,47.9333333,2020-09-01,,SMDG-20260609
IQUQR,,BGTW,BASRA GATEWAY TERMINAL WEST,30.0597222,47.9272222,2020-09-01,,SMDG-20260609
IQUQR,,BMT,BASRA MULTIPURPOSE TERMINAL (BMT),30.0505556,47.9366667,2022-02-01,,SMDG-20260609
IQUQR,,CCTI,CMA CGM TERMINALS IRAQ,30.0244444,47.9516667,2025-05-01,,SMDG-20260609
IQUQR,,ICT,IRAQ CONTAINER TERMINAL (ICT),30.0463889,47.9405556,2022-02-01,,SMDG-20260609
ISGRT,,GRT,GRUNDARTANGI TERMINAL,64.3555556,-21.7788889,2025-02-10,,SMDG-20260609
ISREY,,SUNDA,EIMSKIP TERMINAL REYKJAVIK,64.1505556,-21.8477778,2018-09-24,,SMDG-20260609
ISREY,,VOGA,SAMSKIP TERMINAL REYKJAVIK,64.1413889,-21.8383333,2025-02-10,,SMDG-20260609
ITAOI,,ACT,ADRIATIC CONTAINER TERMINAL,43.6219444,13.4980556,2016-04-07,,SMDG-20260609
ITAOI,,ASE,ADRIATIC SERVICES ENTERPRISE ANCONA,43.6211111,13.4958333,2015-06-12,,SMDG-20260609
ITBRI,,BARI,PORT OF BARI,41.1397222,16.8716667,2022-06-01,,SMDG-20260609
ITCAG,,CICT,CICT CAGLIARI INTERNATIONAL CONTAINER TERMINAL,39.2138889,9.0730556,2004-05-31,,SMDG-20260609
ITCAG,,GREN,GRENDI TERMINAL CAGLIARI,39.2094444,9.0783333,2022-03-01,,SMDG-20260609
ITCTA,,EST,EST TERMINAL CATANIA,37.4969444,15.0947222,2016-09-26,,SMDG-20260609
ITCVV,,CFFT,CIVITAVECCHIA FRUIT & FOREST TERMINAL,42.1022222,11.7758333,2022-03-01,,SMDG-20260609
ITCVV,,RTC,ROMA TERMINAL CONTAINER,42.1061111,11.7738889,2020-10-01,,SMDG-20260609
ITGIT,,MCT,MCT MEDCENTER CONTAINER TERMINAL,38.4597222,15.9105556,2001-06-26,,SMDG-20260609
ITGOA,,GPT,GENOA PORT TERMINAL,44.4055556,8.8972222,2014-10-22,,SMDG-20260609
ITGOA,,MESSIN,INTERMODAL MARINE TERMINAL,44.4075000,8.8766667,2015-06-12,,SMDG-20260609
ITGOA,,SECH,SECH TERMINAL,44.4044444,8.9147222,2001-06-26,,SMDG-20260609
ITGOA,,TSG,TERMINAL SAN GIORGIO - PONTE LIBIA,44.4063889,8.8863889,2014-10-27,,SMDG-20260609
ITGOA,,VTE,VOLTRI TERMINAL EUROPA - PORTO DI PRA,44.4211111,8.7852778,2001-06-26,,SMDG-20260609
ITLIV,,TAFLIV,TERMINAL ALTO FONDALE,43.5555556,10.2988889,2015-11-03,,SMDG-20260609
ITLIV,,TDT,TERMINAL DARSENA TOSCANA (TDT),43.5736111,10.3038889,2004-05-31,,SMDG-20260609
ITLIV,,IMP,TERMINAL DOCK ETRUSCHI,43.5625000,10.3030556,2015-06-24,,SMDG-20260609
ITLIV,,LOREN,TERMINAL LORENZINI,43.5736111,10.3072222,2004-05-31,,SMDG-20260609
ITMLZ,,DTM,DUFERCO TERMINAL MEDITERRANEO,38.2097222,15.2952778,2025-05-01,,SMDG-20260609
ITNAP,,CONA,TERMINAL CONATECO,40.8397222,14.2858333,2016-04-07,,SMDG-20260609
ITNAP,,TERMIN,TERMINAL FLAVIO GIOIA,40.8402778,14.2819444,2015-06-12,,SMDG-20260609
ITPMO,,POIT,PORTITALIA TERMINAL PALERMO,38.1322222,13.3627778,2022-03-01,,SMDG-20260609
ITPZL,,SERM,SERMI TERMINAL POZZALLO,36.7161111,14.8288889,2022-03-01,,SMDG-20260609
ITRAN,,SETRA,SETRAMAR TERMINAL,44.4544444,12.2491667,2017-01-17,,SMDG-20260609
ITRAN,,TCR,TERMINAL CONTAINER RAVENNA,44.4488889,12.2480556,2017-01-17,,SMDG-20260609
ITSAL,,SCT,SALERNO CONTAINER TERMINAL,40.6741667,14.7419444,2001-06-26,,SMDG-20260609
ITSPE,,LSCT,LA SPEZIA CONTAINER TERMINAL (LSCT),44.1083333,9.8455556,2001-06-26,,SMDG-20260609
ITSPE,,TDG,TERMINAL DEL GOLFO (TDG),44.1055556,9.8544444,2016-04-07,,SMDG-20260609
ITTAR,,SCCT,YILPORT TERMINAL TARANTO,40.5011111,17.1544444,2025-02-01,,SMDG-20260609
ITTPS,,SCS,SCS TERMINAL TRAPANI,38.0127778,12.5202778,2022-03-01,,SMDG-20260609
ITTRI,,TRIP,TERMINI IMERESE PORT,37.9877778,13.7038889,2026-05-01,,SMDG-20260609
ITTRS,,PLT,HHLA PLT ITALY,45.6294444,13.7747222,2022-05-01,,SMDG-20260609
ITTRS,,TMT,TRIESTE MARINE TERMINAL (TMT),45.6308333,13.7608333,2016-04-07,,SMDG-20260609
ITVCE,,TIV,TERMINAL INTERMODALE VENEZIA,45.4561111,12.2550000,2015-06-12,,SMDG-20260609
ITVCE,,VECON,VECON - CONTAINER TERMINAL,45.4561111,12.2444444,2015-06-12,,SMDG-20260609
ITVDL,,VGT,VADO GATEWAY TERMINAL,44.2680556,8.4475000,2020-05-01,,SMDG-20260609
ITVDL,,REEF,VADO REEFER TERMINAL,44.2616667,8.4533333,2004-05-31,,SMDG-20260609
JMKIN,,KCT,KINGSTON CONTAINER TERMINAL,17.9808333,-76.8341667,2004-05-31,,SMDG-20260609
JMKIN,,KWL,KINGSTON WHARVES,17.9825000,-76.8272222,2020-12-01,,SMDG-20260609
JMMBJ,,MBY,MONTEGO BAY FREEPORT,18.4602778,-77.9361111,2021-03-01,,SMDG-20260609
JOAQJ,,ACT,AQABA CONTAINER TERMINAL,29.4691667,34.9758333,2015-06-12,,SMDG-20260609
JPABU,,EPW9,ABURATSU EAST PUBLIC WHARF NO. 9,31.5708333,131.4066667,2019-12-06,,SMDG-20260609
JPAXT,,AICT,AKITA INTERNATIONAL CONTAINER TERMINAL,39.7677778,140.0388889,2024-12-09,,SMDG-20260609
JPCHB,,CHUGC,CHIBA CHUO CONTAINER TERMINAL,35.5944444,140.0930556,2001-06-26,,SMDG-20260609
JPFKY,,FICT,FUKUYAMA PORT INTERNATIONAL CONTAINER TERMINAL,34.4347222,133.4388889,2019-12-13,,SMDG-20260609
JPHHE,,HT01C,HACHINOHE INTERNATIONAL LOGISTICS TERMINAL,40.5525000,141.5033333,2001-06-26,,SMDG-20260609
JPHIC,,HN02C,"HITACHINAKA MINATO, KITAFUTOU B BERTH",36.4313889,140.6233333,2001-06-26,,SMDG-20260609
JPHIJ,,HICT,HIROSHIMA PORT INTERNATIONAL CONTAINER TERMINAL,34.3466667,132.4416667,2019-10-18,,SMDG-20260609
JPHIJ,,KAIC,KAITA CONTAINER TERMINAL,34.3533333,132.5102778,2015-10-26,,SMDG-20260609
JPHKT,,HIC,HAKATA ISLAND CITY CONTAINER TERMINAL,33.6583333,130.4055556,2015-04-05,,SMDG-20260609
JPHKT,,KSI,HAKATA KASHII PARK CONTAINER TERMINAL,33.6536111,130.4091667,2015-04-05,,SMDG-20260609
JPHMD,,HAFKF,HAMADA CONTAINER TERMINAL,34.8805556,132.0552778,2015-10-26,,SMDG-20260609
JPHSM,,SICT,SHIRAHAMA INTERNATIONAL CONTAINER TERMINAL,32.4391667,131.6680556,2020-01-01,,SMDG-20260609
JPHTC,,HTDAI,"HITACHI MINATO, NO. 4 WHARF, C/D BERTH",36.4894444,140.6197222,2015-10-26,,SMDG-20260609
JPIHA,,EPCW,NIIHAMA EAST PORT CONTAINER WHARF,33.9855556,133.3327778,2021-11-01,,SMDG-20260609
JPIMB,,TOM,IMABARI TOMITA NO. 1/2 BERTH,34.0516667,133.0291667,2015-10-26,,SMDG-20260609
JPIMI,,NS05C,IMARI CONTAINER TERMINAL,33.3408333,129.8419444,2001-06-26,,SMDG-20260609
JPISI,,BNG,ISHIKARI BANNAGURO CONTAINER TERMINAL,43.1888889,141.2933333,2015-10-26,,SMDG-20260609
JPIWK,,SI10C,IWAKUNI SHINMINATO SOUTH BERTH,34.1866667,132.2372222,2001-06-26,,SMDG-20260609
JPKCZ,,MG01C,KOCHI MISATO NO. 7-1 WHARF,33.5119444,133.5847222,2001-06-26,,SMDG-20260609
JPKCZ,,MG02C,KOCHI MISATO NO. 7-2 WHARF,33.5100000,133.5855556,2001-06-26,,SMDG-20260609
JPKIJ,,EWC,NIIGATA WORLD TRADE TERMINAL (N-WTT),37.9694444,139.2286111,2015-10-26,,SMDG-20260609
JPKIS,,KPW,KAMAISHI PUBLIC WHARF,39.2669444,141.8955556,2019-12-13,,SMDG-20260609
JPKMJ,,KCT,KUMAMOTO CONTAINER TERMINAL,32.7625000,130.5838889,2021-11-01,,SMDG-20260609
JPKNZ,,GG01C,KANAZAWA GOKUDEN WHARF,36.6125000,136.6241667,2001-06-26,2025-01-31,SMDG-20260609
JPKNZ,,KOCT,KANAZAWA OKUDA CONTAINER TERMINAL,36.6113889,136.6238889,2025-01-14,,SMDG-20260609
JPKNZ,,TG01C,KANAZAWA TOMIZU WHARF,36.6086111,136.6186111,2001-06-26,2025-01-31,SMDG-20260609
JPKOM,,KMCT,KOMATSUSHIMA CONTAINER TERMINAL,33.9938889,134.6213889,2020-01-24,,SMDG-20260609
JPKSM,,NPW,KASHIMA NORTH PUBLIC WHARF,35.9286111,140.6536111,2019-12-06,,SMDG-20260609
JPKUH,,WPCT,KUSHIRO WEST PORT CONTAINER TERMINAL,42.9972222,144.3247222,2024-12-09,,SMDG-20260609
JPKWS,,KHC1C,KAWASAKI CONTAINER TERMINAL (KC-1),35.4886111,139.7538889,2001-06-26,,SMDG-20260609
JPMAI,,MIW,MAIZURU INTERNATIONAL WHARF,35.4716667,135.3308333,2024-12-09,,SMDG-20260609
JPMAI,,KB09C,"MAIZURU NO. 2 WHARF, NO. 2 BERTH",35.4572222,135.3208333,2001-06-26,,SMDG-20260609
JPMII,,MICT,MIIKE CONTAINER TERMINAL,33.0161111,130.4127778,2022-05-01,,SMDG-20260609
JPMIZ,,MICT,MIZUSHIMA PORT INTERNATIONAL CONTAINER TERMINAL,34.5013889,133.6816667,2019-12-06,,SMDG-20260609
JPMIZ,,TE01C,TAMASHIMA FOREIGN TRADE WHARF NO. 1 BERTH,34.5086111,133.6838889,2001-06-26,,SMDG-20260609
JPMIZ,,TH04C,TAMASHIMA HARBOR ISLAND NO. 4 BERTH,34.5027778,133.6719444,2001-06-26,2025-01-31,SMDG-20260609
JPMKX,,KNCT,KANEKO INTERNATIONAL CONTAINER TERMINAL,33.9922222,133.5400000,2020-05-01,,SMDG-20260609
JPMKX,,MM8,MURAMATSU BERTH NO. 8,34.0058333,133.5486111,2020-01-15,,SMDG-20260609
JPMOJ,,HBK,HIBIKI CONTAINER TERMINAL,33.9319444,130.7647222,2015-04-05,,SMDG-20260609
JPMOJ,JPKKJ,KHC,KOKURA RORO TERMINAL,33.9038889,130.8808333,2015-10-26,,SMDG-20260609
JPMOJ,,TAC1,TACHINOURA CONTAINER TERMINAL NO. 1,33.9672222,131.0038889,2019-12-06,,SMDG-20260609
JPMOJ,,TAC2,TACHINOURA CONTAINER TERMINAL NO. 2,33.9636111,131.0119444,2019-12-06,,SMDG-20260609
JPMOJ,JPKKJ,TNC,TANOURA RORO TERMINAL,33.9600000,130.9816667,2015-10-26,,SMDG-20260609
JPMUR,,SAC,MURORAN SAKIMORI NO. 6 BERTH,42.3658333,140.9305556,2015-10-27,,SMDG-20260609
JPMYJ,,MPCT,MATSUYAMA PORT CONTAINER TERMINAL,33.8472222,132.6980556,2019-12-06,,SMDG-20260609
JPNAH,,SFC,NAHA INTERNATIONAL CONTAINER TERMINAL,26.2350000,127.6672222,2015-10-27,,SMDG-20260609
JPNAN,,NKS,NAKANOSEKI WHARF,34.0072222,131.5613889,2015-10-27,,SMDG-20260609
JPNAO,,EP04C,NAOETSU CONTAINER TERMINAL,37.1938889,138.2583333,2001-06-26,,SMDG-20260609
JPNGO,,KJC,KINJO PIER (RORO),35.0458333,136.8522222,2015-10-27,2025-01-31,SMDG-20260609
JPNGO,,NCT,"NABETA PIER CONTAINER TERMINAL, T1/2/3",35.0252778,136.7919444,2015-04-05,,SMDG-20260609
JPNGO,,NCB,"NCB CONTAINER TERMINAL, R1/2/3",35.0411111,136.8341667,2015-04-05,,SMDG-20260609
JPNGO,,TNT,"TOBISHIMA PIER NORTH CONTAINER TERMINAL, W90/91/92",35.0463889,136.8319444,2015-04-05,,SMDG-20260609
JPNGO,,TST,"TOBISHIMA PIER SOUTH CONTAINER TERMINAL, W93/94",35.0333333,136.8375000,2015-04-05,,SMDG-20260609
JPNGO,,TCB,"TOBISHIMA PIER SOUTH SIDE CONTAINER TERMINAL, TS1/2",35.0269444,136.8225000,2015-04-05,,SMDG-20260609
JPNGS,,KY14C,NAGASAKI KOGAKURA-YANAGI CONTAINER TERMINAL,32.7044444,129.8425000,2001-06-26,,SMDG-20260609
JPOIT,,OCT,OZAI CONTAINER TERMINAL OITA,33.2497222,131.7394444,2019-12-13,,SMDG-20260609
JPOMZ,,OZCT,OMAEZAKI INTERNATIONAL CONTAINER TERMINAL,34.6250000,138.2197222,2019-10-18,,SMDG-20260609
JPONA,,OU04C,ONAHAMA OTSURUGI WHARF NO. 4 BERTH,36.9241667,140.8727778,2001-06-26,,SMDG-20260609
JPOSA,,OC1,SAKISHIMA CONTAINER TERMINAL C-1,34.6305556,135.4411111,2015-08-19,,SMDG-20260609
JPOSA,,OC2,SAKISHIMA CONTAINER TERMINAL C-2,34.6336111,135.4405556,2015-08-19,,SMDG-20260609
JPOSA,,OC34,SAKISHIMA CONTAINER TERMINAL C-3/4,34.6383333,135.4397222,2015-08-19,,SMDG-20260609
JPOSA,,OC6,SAKISHIMA CONTAINER TERMINAL C-6,34.6258333,135.4141667,2021-11-01,,SMDG-20260609
JPOSA,,OC7,SAKISHIMA CONTAINER TERMINAL C-7,34.6261111,135.4177778,2021-11-01,,SMDG-20260609
JPOSA,,OC8,SAKISHIMA CONTAINER TERMINAL C-8,34.6433333,135.4305556,2015-08-19,,SMDG-20260609
JPOSA,,OC9,SAKISHIMA CONTAINER TERMINAL C-9,34.6427778,135.4266667,2015-08-19,,SMDG-20260609
JPOSA,,OC10,YUMESHIMA CONTAINER TERMINAL C-10,34.6525000,135.4030556,2015-08-19,,SMDG-20260609
JPOSA,,OC11,YUMESHIMA CONTAINER TERMINAL C-11,34.6500000,135.4005556,2015-08-19,,SMDG-20260609
JPOSA,,OC12,YUMESHIMA CONTAINER TERMINAL C-12,34.6475000,135.3980556,2015-08-19,,SMDG-20260609
JPOTK,,OHW,OTAKE HIGASHISAKAE WHARF,34.2219444,132.2425000,2020-01-01,,SMDG-20260609
JPSBK,,SKM,SAKAI-SENBOKU SUKEMATSU PIER NO. 8,34.5263889,135.4016667,2015-10-27,,SMDG-20260609
JPSBS,,GG06C,GAIKOCHIKU D GANPEKI,31.4691667,131.1044444,2001-06-26,2025-01-31,SMDG-20260609
JPSBS,,SWCT,SHIBUSHI SHINWAKAHAMA CONTAINER TERMINAL,31.4522222,131.0886111,2019-12-13,,SMDG-20260609
JPSEN,,SSCT,SATSUMASENDAI CONTAINER TERMINAL,31.8594444,130.1925000,2022-05-01,,SMDG-20260609
JPSGM,,SC01C,SENDAI-SHIOGAMA TAKASAGO PIER NO. 1 BERTH,38.2677778,141.0208333,2001-06-26,,SMDG-20260609
JPSKT,,TS02C,SAKATA TAKASAGO NO. 2 QUAY,38.9500000,139.8188889,2001-06-26,,SMDG-20260609
JPSMN,,SICT,SAKAIMINATO INTERNATIONAL CONTAINER TERMINAL,35.5411111,133.2569444,2025-01-14,,SMDG-20260609
JPSMN,,GS02C,SHOWA SOUTH NO. 2 BERTH,35.5386111,133.2525000,2001-06-26,2025-01-31,SMDG-20260609
JPSMN,,GS03C,SHOWA SOUTH NO. 3 BERTH,35.5377778,133.2511111,2001-06-26,2025-01-31,SMDG-20260609
JPSMZ,,OKT,SHIMIZU SHIN-OKITSU CONTAINER TERMINAL,35.0408333,138.5205556,2015-04-05,,SMDG-20260609
JPSMZ,,SDE,SHIMIZU SODESHI CONTAINER TERMINAL,35.0372222,138.5072222,2015-04-05,,SMDG-20260609
JPTAK,,TCT,TAKAMATSU CONTAINER TERMINAL,34.3600000,134.0633333,2021-11-01,,SMDG-20260609
JPTHS,,TJ07C,JINNO WHARF NO. 7,34.7344444,137.3122222,2023-01-01,2025-01-31,SMDG-20260609
JPTHS,,TJ08C,JINNO WHARF NO. 8,34.7391667,137.3086111,2023-01-01,2025-01-31,SMDG-20260609
JPTHS,,TJCT,TOYOHASHI CONTAINER TERMINAL,34.7352778,137.3083333,2025-01-14,,SMDG-20260609
JPTKY,,HAR,TOKUYAMA HARUMI WHARF,34.0383333,131.7872222,2015-10-27,,SMDG-20260609
JPTMK,,TICT,TOMAKOMAI INTERNATIONAL CONTAINER TERMINAL,42.6100000,141.7855556,2019-10-18,,SMDG-20260609
JPTOS,,TSCT,TOYAMA SHINKO CONTAINER TERMINAL,36.7744444,137.1061111,2022-05-01,,SMDG-20260609
JPTRG,,TK02C,KAWASAKI MATSUEI B BERTH,35.6611111,136.0630556,2001-06-26,2025-01-31,SMDG-20260609
JPTRG,,TK22C,KAWASAKI MATSUEI C BERTH,35.6608333,136.0605556,2001-06-26,2025-01-31,SMDG-20260609
JPTRG,,TKAT,TSURUGA KAWASAKI TERMINAL,35.6608333,136.0608333,2025-01-14,,SMDG-20260609
JPTRG,,TMIT,TSURUGA MARIYAMA MINAMI CONTAINER TERMINAL,35.6677778,136.0647222,2021-11-01,,SMDG-20260609
JPTTJ,,SG21C,TOTTORI SENDAI WHARF NO. 1,35.5419444,134.1872222,2001-06-26,2025-01-31,SMDG-20260609
JPTTJ,,SG17C,TOTTORI SENDAI WHARF NO. 3,35.5402778,134.1875000,2001-06-26,2025-01-31,SMDG-20260609
JPTYO,,AOO,AOMI CONTAINER TERMINAL BERTH NO. 0/1/2,35.6055556,139.7838889,2015-05-11,,SMDG-20260609
JPTYO,,AOH,AOMI CONTAINER TERMINAL BERTH NO. 3,35.6097222,139.7805556,2015-05-11,,SMDG-20260609
JPTYO,,AOE,AOMI CONTAINER TERMINAL BERTH NO. 4,35.6125000,139.7783333,2015-05-11,,SMDG-20260609
JPTYO,,CBY1,CHUO BOUHATEI Y1 CONTAINER TERMINAL,35.5902778,139.7972222,2020-10-01,,SMDG-20260609
JPTYO,,CBY2,CHUO BOUHATEI Y2 CONTAINER TERMINAL,35.5886111,139.8002778,2020-10-01,,SMDG-20260609
JPTYO,,OHK,OHI CONTAINER TERMINAL BERTH NO. 1/2,35.6116667,139.7627778,2015-05-11,,SMDG-20260609
JPTYO,,OHM,OHI CONTAINER TERMINAL BERTH NO. 3/4,35.6058333,139.7652778,2015-05-11,,SMDG-20260609
JPTYO,,OHA,OHI CONTAINER TERMINAL BERTH NO. 5,35.6019444,139.7680556,2015-05-11,,SMDG-20260609
JPTYO,,OHN,OHI CONTAINER TERMINAL BERTH NO. 6/7,35.5980556,139.7711111,2015-05-11,,SMDG-20260609
JPTYO,,SHG,SHINAGAWA CONTAINER TERMINAL,35.6225000,139.7594444,2015-05-08,,SMDG-20260609
JPUBJ,,SF01C,UBE SHIBANAKA BERTH NO. 1,33.9372222,131.2375000,2001-06-26,2025-01-31,SMDG-20260609
JPUBJ,,SWW,UBE SHIBANAKA WEST WHARF,33.9327778,131.2333333,2020-01-01,,SMDG-20260609
JPUKB,,KCT,KAMIGUMI CONTAINER TERMINAL KOBE (KGCT),34.6666667,135.2347222,2004-05-31,,SMDG-20260609
JPUKB,,KICT,KICT PORT ISLAND (PC-14/15/16/17),34.6605556,135.2386111,2024-12-09,,SMDG-20260609
JPUKB,,PIM,PORT ISLAND M BERTH (PI-M),34.6519444,135.2436111,2019-10-04,,SMDG-20260609
JPUKB,,PC13,PORT ISLAND PC-13,34.6583333,135.2300000,2015-06-20,,SMDG-20260609
JPUKB,,RC2,ROKKO ISLAND RC-2,34.6827778,135.2538889,2021-11-01,,SMDG-20260609
JPUKB,,RC45,ROKKO ISLAND RC-4/5,34.6786111,135.2602778,2024-12-09,,SMDG-20260609
JPUKB,,RC6,ROKKO ISLAND RC-6/7,34.6813889,135.2847222,2015-06-30,,SMDG-20260609
JPUKB,,RWX,ROKKO ISLAND R-WX,34.6891667,135.2805556,2019-10-04,,SMDG-20260609
JPUKB,,RSBC,ROKKO ISLAND SOUTH B/C BERTH,34.6805556,135.2780556,2019-10-18,,SMDG-20260609
JPWAK,,WM32C,WAKAYAMA NISHIHAMA NO. 5 BERTH,34.2080556,135.1419444,2001-06-26,,SMDG-20260609
JPWKJ,,SE01C,WAKKANAI SUEHIRO PIER EAST,45.4041667,141.6911111,2001-06-26,2025-01-31,SMDG-20260609
JPYAT,,YCT,YATSUSHIRO CONTAINER TERMINAL,32.5369444,130.5433333,2021-11-01,,SMDG-20260609
JPYKK,,KSN,"YOKKAICHI KASUMIGAURA NORTH PIER, W80",34.9972222,136.6686111,2015-06-16,,SMDG-20260609
JPYKK,,KSS,"YOKKAICHI KASUMIGAURA SOUTH PIER, W26/W27",34.9922222,136.6641667,2015-06-16,,SMDG-20260609
JPYOK,,APMYOK,APM TERMINALS YOKOHAMA (MC-1/2/3/4),35.4033333,139.6838889,2016-09-01,,SMDG-20260609
JPYOK,,DT9,DAIKOKU T-9 CONTAINER TERMINAL,35.4577778,139.6902778,2015-06-20,,SMDG-20260609
JPYOK,,HBC,HONMOKU BC CONTAINER TERMINAL,35.4375000,139.6786111,2015-06-30,,SMDG-20260609
JPYOK,,HD1,HONMOKU D-1 CONTAINER TERMINAL,35.4341667,139.6808333,2015-06-30,,SMDG-20260609
JPYOK,,HD4,HONMOKU D-4 CONTAINER TERMINAL,35.4377778,139.6830556,2015-06-30,,SMDG-20260609
JPYOK,,HD5,HONMOKU D-5 CONTAINER TERMINAL,35.4405556,139.6847222,2015-06-30,,SMDG-20260609
KELAU,,LCT,PORT OF LAMU CONTAINER TERMINAL,-2.1930556,40.9350000,2025-09-16,,SMDG-20260609
KEMBA,,KCT,KIPEVU CONTAINER TERMINAL,-4.0500000,39.6163889,2025-09-16,,SMDG-20260609
KEMBA,,MCT,MOMBASA CONTAINER TERMINAL,-4.0455556,39.6269444,2018-05-04,,SMDG-20260609
KHKOS,,SPA,SIHANOUKVILLE PORT,10.6477778,103.5105556,2015-06-24,,SMDG-20260609
KHPNH,,LM17,PHNOM PENH CONTAINER TERMINAL LM17,11.4736111,105.1430556,2022-06-01,,SMDG-20260609
KMYVA,,MOR,MORONI TERMINAL,-11.7047222,43.2477778,2026-05-01,,SMDG-20260609
KNBAS,,BDWH,BASSETERRE DEEP WATER HARBOUR ST. KITTS,17.2866667,-62.7102778,2025-02-25,,SMDG-20260609
KNCHA,,LPPT,LONG POINT PORT NEVIS,17.1086111,-62.6250000,2025-02-25,,SMDG-20260609
KRINC,,E1CTC,E1 CONTAINER TERMINAL,37.4397222,126.6108333,2018-12-18,,SMDG-20260609
KRINC,,HJITC,HANJIN INCHEON CONTAINER TERMINAL (HJIT),37.3422222,126.6272222,2019-01-17,,SMDG-20260609
KRINC,,ICTPC,INCHEON CONTAINER TERMINAL (ICT),37.4386111,126.5977778,2018-12-18,,SMDG-20260609
KRINC,,SNCTC,SUNKWANG NEWPORT CONTAINER TERMINAL (SNCT),37.3422222,126.6363889,2018-12-18,,SMDG-20260609
KRKAN,,GWCT,GWANGYANG WEST CONTAINER TERMINAL,34.8963889,127.6552778,2018-12-18,,SMDG-20260609
KRKAN,,KIT,KOREA INTERNATIONAL CONTAINER TERMINAL,34.9025000,127.6663889,2015-05-03,,SMDG-20260609
KRKAN,,GIGCT,SM GWANGYANG TERMINAL,34.9094444,127.6772222,2018-12-18,,SMDG-20260609
KRKPO,,PICTC,POHANG INTERNATIONAL CONTAINER TERMINAL (PICT),36.1055556,129.4391667,2018-12-18,,SMDG-20260609
KRPTK,,PCTCC,PYEONGTAEK CONTAINER TERMINAL,36.9647222,126.8391667,2018-12-18,,SMDG-20260609
KRPTK,,PNCTC,PYEONGTAEK DONGBANG I-PORT,36.9505556,126.8508333,2018-12-18,,SMDG-20260609
KRPUS,,BCT,BUSAN CONTAINER TERMINAL (BCT),35.0655556,128.7997222,2022-08-01,,SMDG-20260609
KRPUS,,BNCT,BUSAN NEW CONTAINER TERMINAL (BNCT),35.0677778,128.8127778,2015-03-06,,SMDG-20260609
KRPUS,,KBCT,BUSAN PORT TERMINAL (BPT),35.1055556,129.0950000,2004-05-31,,SMDG-20260609
KRPUS,,DPCT,DONGBU PUSAN CONTAINER TERMINAL (DPCT),35.1061111,129.0711111,2004-05-31,2025-09-30,SMDG-20260609
KRPUS,,DGT,DONGWON GLOBAL TERMINAL (DGT),35.0766667,128.7741667,2024-04-19,,SMDG-20260609
KRPUS,KRBNP,HJNC,HANJIN BUSAN NEW PORT CO. (HJNC),35.0777778,128.7911111,2015-03-06,,SMDG-20260609
KRPUS,,HPNT,HMM PSA NEW-PORT TERMINAL (HPNT),35.0700000,128.8263889,2015-03-06,,SMDG-20260609
KRPUS,,HBCT,HUTCHISON BUSAN CONTAINER TERMINAL (HBCT),35.1052778,129.0727778,2015-03-25,,SMDG-20260609
KRPUS,,PNC,PUSAN NEW PORT CO. (PNC),35.0777778,128.8075000,2004-05-31,,SMDG-20260609
KRPUS,,PNP,PUSAN NEW PORT INTERNATIONAL TERMINAL (PNIT),35.0777778,128.8252778,2004-05-31,,SMDG-20260609
KRTSN,,DPCT,DAESAN PORT CONTAINER TERMINAL,37.0138889,126.4300000,2025-02-10,,SMDG-20260609
KRUSN,,JUCTC,JEONG IL ULSAN CONTAINER TERMINAL,35.4422222,129.3527778,2018-12-18,,SMDG-20260609
KRUSN,,UDITC,ULSAN NEWPORT CONTAINER TERMINAL (UNCT),35.4555556,129.3652778,2018-12-18,,SMDG-20260609
KWSAA,,SAACT,SHUAIBA CONTAINER TERMINAL,29.0458333,48.1547222,2020-06-08,,SMDG-20260609
KWSWK,,SWKCT,SHUWAIKH CONTAINER TERMINAL,29.3488889,47.9208333,2020-06-08,,SMDG-20260609
KYGEC,,CAYM,GEORGE TOWN GRAND CAYMAN,19.2958333,-81.3838889,2022-01-19,,SMDG-20260609
LBBEY,,BCTC,CMA TERMINALS BEIRUT,33.9088889,35.5341667,2004-05-31,,SMDG-20260609
LBKYE,,CMAT,CMA TERMINALS TRIPOLI SAL,34.4597222,35.8277778,2025-05-01,,SMDG-20260609
LCCAS,,PCAS,PORT CASTRIES,14.0102778,-60.9933333,2022-01-19,,SMDG-20260609
LCVIF,,PVIF,PORT VIEUX FORT,13.7216667,-60.9530556,2022-01-19,,SMDG-20260609
LKCMB,,CECT,COLOMBO EAST CONTAINER TERMINAL (CECT),6.9488889,79.8397222,2025-02-01,,SMDG-20260609
LKCMB,,CICT,COLOMBO INTL CONTAINER TERMINAL (CICT),6.9455556,79.8327778,2015-06-20,,SMDG-20260609
LKCMB,,CWIT,COLOMBO WEST INTL CONTAINER TERMINAL (CWIT),6.9527778,79.8263889,2025-02-01,,SMDG-20260609
LKCMB,,LKJCT,JAYA CONTAINER TERMINAL,6.9477778,79.8527778,2005-09-19,,SMDG-20260609
LKCMB,,SAGT,SOUTH ASIA GATEWAY TERMINALS (SAGT),6.9466667,79.8455556,2005-09-19,,SMDG-20260609
LKCMB,,LKUCT,UNITY CONTAINER TERMINAL,6.9583333,79.8550000,2005-09-19,,SMDG-20260609
LKHBA,,HIP,HAMBANTOTA INTERNATIONAL PORT (HIP),6.1341667,81.0919444,2026-04-01,,SMDG-20260609
LRMLW,,APMT,APM TERMINALS LIBERIA,6.3419444,-10.7958333,2022-06-01,,SMDG-20260609
LTKLJ,,KKT,KLAIPEDA CONTAINER TERMINAL,55.6458333,21.1600000,2014-11-10,,SMDG-20260609
LTKLJ,,KAS,KLAIPEDA SMELTE CONTAINER TERMINAL (KSCT),55.6777778,21.1427778,2014-11-10,,SMDG-20260609
LVRIX,,BCT,BALTIC CONTAINER TERMINAL RIGA,57.0072222,24.0966667,2007-11-10,,SMDG-20260609
LVRIX,,RCT,RIGA CONTAINER TERMINAL (RIGACT),56.9808333,24.0936111,2008-01-16,,SMDG-20260609
LVRIX,,RUT,RIGA UNIVERSAL TERMINAL,57.0419444,24.0761111,2014-11-12,,SMDG-20260609
LYBEN,,BCT,BENGHAZI CONTAINER TERMINAL,32.1144444,20.0480556,2025-02-10,,SMDG-20260609
LYKHO,,KCT,KHOMS CONTAINER TERMINAL,32.6752778,14.2450000,2025-02-10,,SMDG-20260609
LYMRA,,MFZCT,MISURATA FREE ZONE CONTAINER TERMINAL,32.3633333,15.2180556,2025-02-10,,SMDG-20260609
LYTIP,,TCP,TRIPOLI COMMERICIAL PORT,32.9072222,13.1916667,2025-02-25,,SMDG-20260609
MAAGA,,ACT,AGADIR CONTAINER TERMINAL,30.4286111,-9.6430556,2022-01-19,,SMDG-20260609
MACAS,,EST,MARSA MAROC TERMINAL,33.6100000,-7.5961111,2005-10-07,,SMDG-20260609
MACAS,,SOMAP,SOMAPORT TERMINAL,33.6047222,-7.6041667,2015-06-12,,SMDG-20260609
MANDR,,NADP,NADOR PORT,35.2772222,-2.9175000,2022-01-19,,SMDG-20260609
MAPTM,,APMT,APM TERMINALS TANGIER,35.8900000,-5.4966667,2018-02-19,,SMDG-20260609
MAPTM,,APM2,APM TERMINALS TANGIER MEDPORT 2,35.8630556,-5.5383333,2019-08-22,,SMDG-20260609
MAPTM,,EURTN,EUROGATE TANGIER,35.8952778,-5.4905556,2004-05-31,,SMDG-20260609
MAPTM,,TAT,TANGER ALLIANCE TERMINAL,35.8755556,-5.5255556,2021-01-01,,SMDG-20260609
MEBAR,,ADR,PORT OF ADRIA BAR,42.0877778,19.0844444,2022-02-01,,SMDG-20260609
MGDIE,,DST,DIEGO-SUAREZ TERMINAL,-12.2688889,49.2886111,2022-02-01,,SMDG-20260609
MGTMM,,MICTSL,MADAGASCAR INTERNATIONAL CONTAINER TERMINAL (MICTSL),-18.1530556,49.4275000,2022-02-01,,SMDG-20260609
MMRGN,,AIPT1,AHLONE INTERNATIONAL PORT TERMINAL 1,16.7852778,96.1194444,2019-12-13,,SMDG-20260609
MMRGN,,AWPT,ASIA WORLD PORT TERMINAL,16.7927778,96.1200000,2019-12-13,,SMDG-20260609
MMRGN,,BAKT,BO AUNG KYAW TERMINAL,16.7666667,96.1658333,2019-12-13,,SMDG-20260609
MMRGN,,MIP,MYANMAR INDUSTRIAL PORT (MIP),16.7761111,96.1322222,2019-11-18,,SMDG-20260609
MMRGN,,MITT,MYANMAR INTERNATIONAL TERMINALS THILAWA (HUTCHISON MITT),16.6663889,96.2502778,2019-12-13,,SMDG-20260609
MPSPN,,POST,PORT OF SAIPAN TERMINAL (CPA),15.2258333,145.7336111,2025-01-14,,SMDG-20260609
MQFDF,,PDGT,POINTE DES GRIVES CONTAINER TERMINAL,14.5922222,-61.0500000,2023-01-01,,SMDG-20260609
MRNDB,,NOUT,NOUADHIBOU TERMINAL,20.8950000,-17.0519444,2022-02-01,,SMDG-20260609
MRNKC,,TCN,TERMINAL A CONTENEURS DE NOUAKCHOTT (TCN),17.9894444,-16.0263889,2024-08-20,,SMDG-20260609
MTMAR,,FREE,MALTA FREEPORT TERMINALS,35.8200000,14.5427778,2004-05-31,,SMDG-20260609
MUPLU,,MCT,MAURITIUS CONTAINER TERMINAL,-20.1408333,57.4930556,2022-02-01,,SMDG-20260609
MUPLU,,SSR,SSR MULTI PURPOSE TERMINAL,-20.1527778,57.4952778,2022-02-01,,SMDG-20260609
MVMLE,,MCH,MALE COMMERCIAL HARBOUR TERMINAL,4.1805556,73.5055556,2025-02-10,,SMDG-20260609
MXATM,,ATP,ALTAMIRA TERMINAL PORTUARIA,22.4769444,-97.8850000,2004-05-31,,SMDG-20260609
MXATM,,IPM,INFRAESTRUCTURA PORTUARIA MEXICANA S.A. DE C.V.,22.4738889,-97.8841667,2004-05-31,,SMDG-20260609
MXESE,,EIT,HUTCHISON ENSENADA INTERNATIONAL TERMINAL (EIT),31.8516667,-116.6291667,2004-05-31,,SMDG-20260609
MXGYM,,TGUA,TPP TERMINAL GUAYMAS,27.9205556,-110.8675000,2022-01-19,,SMDG-20260609
MXLZC,,APMT,APM TERMINALS LAZARO CARDENAS,17.9744444,-102.1727778,2017-11-07,,SMDG-20260609
MXLZC,,LCMT,HUTCHISON L.C. MULTIPURPOSE TERMINAL (LCMT),17.9275000,-102.1822222,2025-01-14,,SMDG-20260609
MXLZC,,LCT,HUTCHISON LAZARO CARDENAS TERMINAL (LCT),17.9552778,-102.1719444,2004-05-31,,SMDG-20260609
MXMZT,,TMAZ,TERMINAL MARITIMA DE MAZATLAN,23.1933333,-106.4150000,2016-06-06,,SMDG-20260609
MXPGO,,TCY,ADMINISTR. PORTUARIA INTEGRAL DE PROGRESO,21.3461111,-89.6772222,2004-05-31,,SMDG-20260609
MXPMD,,PMD,PUERTO CHIAPAS,14.7105556,-92.4013889,2016-09-12,,SMDG-20260609
MXPMS,,PMOR,PUERTO MORELOS,20.8416667,-86.8780556,2022-01-19,,SMDG-20260609
MXTUX,,TPT,TUXPAN PORT TERMINAL,20.9580556,-97.3255556,2019-10-04,,SMDG-20260609
MXVER,,CICENB,CICE NORTH BAY TERMINAL VERACRUZ,19.2413889,-96.1711111,2024-12-09,,SMDG-20260609
MXVER,,CICESB,CICE SOUTH BAY TERMINAL VERACRUZ,19.2105556,-96.1400000,2024-12-09,,SMDG-20260609
MXVER,,ICAVE,HUTCHISON ICAVE VERACRUZ,19.2358333,-96.1697222,2020-01-01,,SMDG-20260609
MXZLO,,CMSA,CONTECON MANZANILLO,19.0847222,-104.3025000,2016-05-13,,SMDG-20260609
MXZLO,,SSAMX,SSA MEXICO HOLDINGS,19.0722222,-104.2908333,2004-05-31,,SMDG-20260609
MXZLO,,TIMSA,TERMINAL INTL DE MANZANILLO (TIMSA),19.0602778,-104.2930556,2004-05-31,,SMDG-20260609
MYBKI,,SBCP,SAPANGAR BAY CONTAINER PORT (SBCP),6.0705556,116.1177778,2021-11-01,,SMDG-20260609
MYBTU,,BICT,BINTULU INTERNATIONAL CONTAINER TERMINAL (BICT),3.2644444,113.0744444,2021-11-01,,SMDG-20260609
MYKCH,,SENA,SENARI TERMINAL KUCHING,1.6158333,110.4522222,2021-11-01,,SMDG-20260609
MYKUA,,KPCT,KUANTAN PORT CONTAINER TERMINAL,3.9730556,103.4200000,2024-10-11,,SMDG-20260609
MYLDU,,LDUCT,POIC CONTAINER TERMINAL LAHAD DATU,5.0105556,118.3936111,2024-12-09,,SMDG-20260609
MYPEN,,PENP,PENANG PORT,5.4216667,100.3613889,2014-07-10,,SMDG-20260609
MYPGU,,JPB,JOHOR PORT,1.4372222,103.8897222,2015-06-12,,SMDG-20260609
MYPKG,,NPM,NORTHPORT MALAYSIA,3.0372222,101.3572222,2004-05-31,,SMDG-20260609
MYPKG,,KMT,WESTPORT KELANG MULTI TERMINAL (KMT),2.9350000,101.2950000,2004-05-31,,SMDG-20260609
MYSBW,,RPS,RAJANG PORT SIBU,2.2880556,111.8236111,2021-11-01,,SMDG-20260609
MYSDK,,SDKCT,SANDAKAN CONTAINER TERMINAL,5.8091667,118.0836111,2024-12-09,,SMDG-20260609
MYTPP,,PTP,PORT OF TANJUNG PELEPAS (PTP),1.3625000,103.5458333,2004-05-31,,SMDG-20260609
MYTWU,,TWUCT,TAWAU CONTAINER TERMINAL,4.2444444,117.8780556,2024-12-09,,SMDG-20260609
MZBEW,,BCT,BEIRA CONTAINER TERMINAL (CORNELDER),-19.8194444,34.8347222,2022-02-01,,SMDG-20260609
MZMNC,,NCT,NACALA CONTAINER TERMINAL,-14.5436111,40.6666667,2022-02-01,,SMDG-20260609
MZMPM,,MIPS,DP WORLD MAPUTO,-25.9616667,32.5461111,2005-09-19,,SMDG-20260609
NALUD,,NAMP,PORT OF LUDERITZ,-26.6405556,15.1538889,2022-05-01,,SMDG-20260609
NAWVB,,WVB,WALVIS BAY BERTHS 1-8 (NAMPORT),-22.9511111,14.4966667,2015-09-22,,SMDG-20260609
NAWVB,,NCT,WALVIS BAY NEW CONTAINER TERMINAL,-22.9500000,14.4855556,2024-12-09,,SMDG-20260609
NCNOU,,PON,PORT OF NOUMEA,-22.2647222,166.4333333,2022-01-19,,SMDG-20260609
NGAPP,,APMTER,APM TERMINALS APAPA,6.4358333,3.3883333,2015-10-09,,SMDG-20260609
NGLKK,,LFTL,LEKKI FREEPORT TERMINAL LAGOS,6.4272222,4.0052778,2023-01-01,,SMDG-20260609
NGONN,,OMT,ONNE MULTIPURPOSE TERMINAL (OMT),4.6675000,7.1525000,2022-01-19,,SMDG-20260609
NGONN,,APMT,WEST AFRICA CONTAINER TERMINAL (WACT),4.6725000,7.1533333,2018-09-05,,SMDG-20260609
NGPHC,,PTOL,PORTS AND TERMINAL OPERATORS (PTOL),4.7663889,7.0080556,2022-01-19,,SMDG-20260609
NGTIN,,FIVEST,FIVE STAR TERMINAL TIN CAN ISLAND (TERMINAL D),6.4297222,3.3408333,2015-09-22,,SMDG-20260609
NGTIN,,TICT,TIN CAN ISLAND CONTAINER TERMINAL TICT (TERMINAL B),6.4325000,3.3525000,2015-09-22,,SMDG-20260609
NGTIN,,TCIPC,TIN CAN ISLAND PORT (TERMINAL C),6.4311111,3.3461111,2020-12-01,,SMDG-20260609
NGTIN,,PTML,TIN CAN ISLAND PTML TERMINAL,6.4350000,3.3333333,2022-01-19,,SMDG-20260609
NICIO,,EPN,PORT OF CORINTO,12.4825000,-87.1677778,2004-05-31,,SMDG-20260609
NLALM,,CTTA,CTT ALMELO,52.3222222,6.6305556,2023-10-17,,SMDG-20260609
NLAMS,,CTVA,CTVREDE AMSTERDAM,52.4030556,4.8180556,2024-03-01,,SMDG-20260609
NLAMS,,ACT,TMA TERMINAL AMSTERDAM,52.4219444,4.7669444,2009-03-20,,SMDG-20260609
NLHEN,,CTTH,CTT HENGELO,52.2477778,6.7858333,2023-10-17,,SMDG-20260609
NLMOE,,MCT,MOERDIJK CONTAINER TERMINALS (MCT),51.6811111,4.5936111,2022-01-19,,SMDG-20260609
NLRTM,,NLMVII,APM TERMINALS ROTTERDAM MAASVLAKTE 2,51.9541667,4.0033333,2014-08-26,,SMDG-20260609
NLRTM,,RTMB,BARGE CENTER WAALHAVEN (BCW),51.8816667,4.4355556,2005-02-23,,SMDG-20260609
NLRTM,,BDP,BROEKMAN DISTRIPORT,51.8944444,4.2361111,2023-02-06,,SMDG-20260609
NLRTM,,CTTR,CTT ROTTERDAM,51.8938889,4.3688889,2023-10-17,,SMDG-20260609
NLRTM,,DBF,ECT DELTA BARGE FEEDER TERMINAL (DBF),51.9555556,4.0750000,2007-10-25,,SMDG-20260609
NLRTM,,DDE,ECT DELTA DEDICATED EAST (DDE),51.9502778,4.0641667,2007-10-25,,SMDG-20260609
NLRTM,,DDN,ECT DELTA DEDICATED NORTH (DDN),51.9588889,4.0647222,2007-10-25,,SMDG-20260609
NLRTM,,DCD,ECT DELTA TERMINAL GATE,51.9544444,4.0286111,2016-06-02,,SMDG-20260609
NLRTM,,EMX,ECT EUROMAX TERMINAL (EMX),51.9741667,4.0380556,2007-10-25,,SMDG-20260609
NLRTM,,HPD2,HUTCHISON DELTA II ROTTERDAM,51.9575000,4.0458333,2022-01-19,,SMDG-20260609
NLRTM,,MATR,MATRANS ROTTERDAM TERMINAL,51.8816667,4.4008333,2022-01-19,,SMDG-20260609
NLRTM,,RSN,QTERMINALS KRAMER ROTTERDAM CITY TERMINAL,51.8802778,4.4236111,2014-08-05,,SMDG-20260609
NLRTM,,RSC,RAIL SERVICE CENTER ROTTERDAM,51.8722222,4.4283333,2008-11-19,,SMDG-20260609
NLRTM,,RBC,RBC TERMINAL ROTTERDAM,51.8805556,4.3236111,2022-06-01,,SMDG-20260609
NLRTM,,KRM,ROTTERDAM CONTAINER TERMINAL (RCT) MAASVLAKTE,51.9458333,4.0327778,2014-08-05,,SMDG-20260609
NLRTM,,RSZ,ROTTERDAM SHORT SEA TERMINAL (RST) SOUTH SIDE,51.8780556,4.4200000,2014-08-05,,SMDG-20260609
NLRTM,,NLSBH,ROTTERDAM STEINWEG BEATRIXHAVEN,51.8836111,4.4138889,2015-11-01,,SMDG-20260609
NLRTM,,RWG,ROTTERDAM WORLD GATEWAY,51.9533333,3.9911111,2014-08-05,,SMDG-20260609
NLRTM,,UMTR,UNIPORT WAALHAVEN TERMINAL,51.8891667,4.4272222,2016-05-13,,SMDG-20260609
NLRTM,,5049,WAALHAVEN BOTLEK TERMINAL (WBT),51.8797222,4.2397222,2005-08-24,,SMDG-20260609
NLVLI,,KBV,KLOOSTERBOER VLISSINGEN B.V.,51.4750000,3.7077778,2018-01-22,,SMDG-20260609
NLVLI,,VZT,VERBRUGGE ZEELAND TERMINALS BV,51.4641667,3.6866667,2019-02-27,,SMDG-20260609
NLZAA,,CTVH,CTVREDE WESTZAAN,52.4305556,4.7577778,2024-03-01,,SMDG-20260609
NOAES,,FLAT,BRING TERMINAL FLATHOLMEN ALESUND,62.4794444,6.1919444,2021-10-24,,SMDG-20260609
NOAES,,FRI,FRIGOCARE TERMINAL ALESUND,62.4741667,6.3430556,2022-05-01,,SMDG-20260609
NOAES,,SKUTVI,SKUTVIKA TERMINAL ALESUND,62.4686111,6.1375000,2015-03-25,,SMDG-20260609
NOAES,,FLTF,TYRHOLM & FARSTAD TERMINAL FLATHOLMEN ALESUND,62.4816667,6.1916667,2024-10-11,,SMDG-20260609
NOBGO,,BDV,BERGEN DOKKEN VEST,60.3861111,5.3130556,2022-02-01,,SMDG-20260609
NOBVK,,NSB,NORTH SEA TERMINAL BREVIK,59.0650000,9.6986111,2021-10-24,,SMDG-20260609
NODRM,,DRMT,DRAMMEN TERMINAL,59.7375000,10.2380556,2024-10-11,,SMDG-20260609
NOEGE,,KAUP,KAUPANES TERMINAL EGERSUND,58.4413889,5.9838889,2022-01-19,,SMDG-20260609
NOEYD,,ATS,EYDEHAVN CONTAINER TERMINAL,58.4955556,8.8766667,2025-02-10,,SMDG-20260609
NOFRK,,OERK,BORG HAVN FREDRIKSTAD-OERA,59.1827778,10.9541667,2007-11-10,,SMDG-20260609
NOFRO,,FUGL,FLORO FUGLESKJAERSKAIA,61.6013889,5.0244444,2022-01-19,,SMDG-20260609
NOFUS,,FUSA,FUSA TERMINAL,60.2036111,5.5994444,2022-01-19,,SMDG-20260609
NOGJM,,HOGT,HOGSET TERMINAL,62.9691667,7.7327778,2022-01-19,,SMDG-20260609
NOHAU,,HCT,HAUGESUND CONTAINER TERMINALS HUSOY,59.3388889,5.3105556,2021-10-24,,SMDG-20260609
NOIKR,,IKR,IKORNNES TERMINAL,62.3863889,6.5577778,2025-06-18,,SMDG-20260609
NOKRS,,KRSCT,KRISTIANSAND CONTAINER TERMINAL,58.1411111,7.9927778,2022-01-19,,SMDG-20260609
NOLAR,,NOLCT,LARVIK CONTAINER TERMINAL,59.0388889,10.0411111,2006-01-30,,SMDG-20260609
NOMAY,,TCT,BRING TROLLEBOE CONTAINER TERMINAL (TCT),61.9388889,5.1411111,2022-03-01,,SMDG-20260609
NOMAY,,ICT,INTERCOM TERMINAL MALOY,61.9391667,5.1219444,2021-11-01,,SMDG-20260609
NOMQN,,MKT,MO I RANA KOMBI TERMINAL,66.3061111,14.1155556,2025-02-10,,SMDG-20260609
NOMSS,,MCT,MOSS CONTAINER TERMINAL,59.4269444,10.6572222,2009-09-28,,SMDG-20260609
NOORK,,ORKLA,ORKANGER CONTAINER TERMINAL,63.3175000,9.8469444,2021-11-01,,SMDG-20260609
NOOSL,,NSF,FILIPSTAD QUAY,59.9072222,10.7152778,2008-01-16,,SMDG-20260609
NOOSL,,SCT,SJURSOYA SOUTH QUAY,59.8863889,10.7522222,2008-01-16,,SMDG-20260609
NOSAT,,SALT,SALTEN TERMINAL,67.3658333,15.5880556,2022-01-19,,SMDG-20260609
NOSVE,,EBS,ELKEM BREMANGER TERMINAL,61.7733333,5.2944444,2022-05-01,,SMDG-20260609
NOTAE,,RIS,WESTPORT TERMINAL RISAVIKA,58.9194444,5.5866667,2015-03-25,,SMDG-20260609
NZAKL,,PABW,PORTS OF AUCKLAND BLEDISLOE WHARF,-36.8416667,174.7725000,2004-05-31,,SMDG-20260609
NZAKL,,PAFW,PORTS OF AUCKLAND FERGUSSON WHARF,-36.8408333,174.7833333,2004-05-31,,SMDG-20260609
NZAKL,,PAGW,PORTS OF AUCKLAND GENERAL WHARF,-36.8425000,174.7791667,2004-05-31,,SMDG-20260609
NZBLU,,BHCT,BLUFF HARBOUR CONTAINER TERMINAL,-46.5933333,168.3350000,2022-01-19,,SMDG-20260609
NZLYT,,LPC,LYTTELTON PORT COMPANY,-43.6088889,172.7283333,2004-05-31,,SMDG-20260609
NZMAP,,NPT,NORTHPORT TERMINAL,-35.8333333,174.4880556,2022-01-19,,SMDG-20260609
NZNPE,,NPENZ,NAPIER PORT,-39.4752778,176.9169444,2005-08-02,,SMDG-20260609
NZNPL,,PTAR,PORT TARANAKI,-39.0569444,174.0341667,2014-07-10,,SMDG-20260609
NZNSN,,PNEL,PORT NELSON,-41.2613889,173.2711111,2014-07-10,,SMDG-20260609
NZPOE,,POOT,PORT CHALMERS,-45.8125000,170.6258333,2014-02-06,,SMDG-20260609
NZTIU,,PTIM,PRIMEPORT TIMARU,-44.3933333,171.2580556,2014-07-10,,SMDG-20260609
NZTIU,,TCTL,TIMARU CONTAINER TERMINAL,-44.3886111,171.2563889,2020-12-01,,SMDG-20260609
NZTRG,,MMP,MOUNT MAUNGANUI PORT,-37.6447222,176.1822222,2004-05-31,,SMDG-20260609
NZTRG,,TRGCT,TAURANGA CONTAINER TERMINAL (SULPHUR POINT),-37.6625000,176.1747222,2005-08-03,,SMDG-20260609
NZWLG,,CPW,CENTREPORT WELLINGTON,-41.2788889,174.7894444,2014-10-27,,SMDG-20260609
OMDQM,,ACTD,ASYAD CONTAINER TERMINAL DUQM,19.6761111,57.7261111,2024-08-20,,SMDG-20260609
OMSLL,,APMT,APM TERMINALS SALALAH,16.9413889,53.9952778,2018-10-05,,SMDG-20260609
OMSOH,,OICT,OMAN INTERNATIONAL CONTAINER TERMINAL (OICT),24.5150000,56.6094444,2015-06-15,,SMDG-20260609
PABLB,,PPCBL,PPC CONTAINER TERMINAL BALBOA,8.9600000,-79.5666667,2004-05-31,,SMDG-20260609
PACTB,,PCPPC,PPC CONTAINER TERMINAL CRISTOBAL,9.3541667,-79.9088889,2004-05-31,,SMDG-20260609
PAMIT,,MIT,MANZANILLO INTERNATIONAL TERMINAL (MIT),9.3608333,-79.8833333,2004-05-31,,SMDG-20260609
PAONX,,CCT,COLON CONTAINER TERMINAL (CCT),9.3736111,-79.8888889,2020-10-01,,SMDG-20260609
PAPAM,,PAM,PUERTO ALMIRANTE (AMP),9.2880556,-82.3908333,2025-02-01,,SMDG-20260609
PAROD,,PPIT,PSA PANAMA INTERNATIONAL TERMINAL (PPIT),8.9580556,-79.5755556,2004-05-31,,SMDG-20260609
PECHY,,CSP,CSP CHANCAY CONTAINER TERMINAL,-11.5933333,-77.2777778,2024-12-09,,SMDG-20260609
PECLL,,APMCLL,APM TERMINALS CALLAO,-12.0450000,-77.1441667,2015-02-23,,SMDG-20260609
PECLL,,DPCLL,DP WORLD CALLAO,-12.0541667,-77.1494444,2004-05-31,,SMDG-20260609
PEPAI,,TPE,TERMINALES PORTUARIOS EUROANDINOS PAITA (TPE),-5.0819444,-81.1086111,2004-05-31,,SMDG-20260609
PEPIO,,PDP,PUERTO DE PARACAS,-13.8030556,-76.2911111,2025-02-01,,SMDG-20260609
PFPPT,,POPA,PORT OF PAPEETE,-17.5372222,-149.5761111,2004-05-31,,SMDG-20260609
PGGUR,,PALO,PORT OF ALOTAU,-10.3158333,150.4555556,2025-02-01,,SMDG-20260609
PGKIM,,PKIM,KIMBE PORT,-5.5491667,150.1475000,2025-02-01,,SMDG-20260609
PGLAE,,BTL,BISMARK TERMINAL LAE,-6.7419444,146.9900000,2025-02-10,,SMDG-20260609
PGLAE,,LMW,LAE MAIN WHARF,-6.7408333,146.9844444,2025-02-10,,SMDG-20260609
PGLAE,,SPICT,SOUTH PACIFIC INTL CONTAINER TERMINAL (SPICT) LAE,-6.7338889,146.9786111,2022-01-19,,SMDG-20260609
PGMAG,,PMAG,PORT OF MADANG,-5.2083333,145.8005556,2025-02-01,,SMDG-20260609
PGPOM,,MIT,MOTUKEA INTERNATIONAL TERMINAL (MIT),-9.4280556,147.1133333,2022-01-19,,SMDG-20260609
PGRAB,,PRAB,RABAUL PORT,-4.2008333,152.1672222,2025-02-01,,SMDG-20260609
PGWWK,,PWWK,PORT OF WEWAK,-3.5688889,143.6475000,2025-02-01,,SMDG-20260609
PHBCD,,BPB,BREDCO PORT BACOLOD,10.6825000,122.9405556,2025-02-10,,SMDG-20260609
PHBTG,,BCT,BATANGAS CONTAINER TERMINAL,13.7608333,121.0433333,2022-01-19,,SMDG-20260609
PHCEB,,CIP,CEBU INTERNATIONAL PORT,10.3091667,123.9238889,2015-06-12,,SMDG-20260609
PHCEB,,CSHCT,CEBU SOUTH HARBOR & CONTAINER TERMINAL (CSHCT),10.2519444,123.8713889,2024-08-20,,SMDG-20260609
PHCGY,,MACA,MACABALAN WHARF CAGAYAN DE ORO,8.4947222,124.6625000,2023-01-01,,SMDG-20260609
PHDVO,,DICT,DAVAO INTERNATIONAL CONTAINER TERMINAL (DICT),7.2944444,125.7163889,2022-01-19,,SMDG-20260609
PHDVO,,ILANG,ILANG TERMINAL DAVAO (TEFASCO),7.1719444,125.6561111,2022-01-19,,SMDG-20260609
PHDVO,,KTC,KTC CONTAINER TERMINAL,7.2094444,125.6497222,2022-01-19,,SMDG-20260609
PHDVO,,KUD,KUDOS PORT DAVAO,7.1455556,125.6633333,2022-05-01,,SMDG-20260609
PHDVO,,SASA,SASA WHARF PORT OF DAVAO,7.1288889,125.6633333,2022-01-19,,SMDG-20260609
PHGES,,MAKAR,MAKAR WHARF GENERAL SANTOS (SCIPSI),6.0936111,125.1580556,2022-01-19,,SMDG-20260609
PHILO,,VCT,VASAYAS CONTAINER TERMINAL ILOILO,10.7066667,122.5938889,2025-02-01,,SMDG-20260609
PHMNL,,MIC,MANILA INTERNATIONAL CONTAINER TERMINAL (MICT),14.6011111,120.9544444,2015-06-12,,SMDG-20260609
PHMNL,,NHDP,NORTH HARBOR DOMESTIC PORT,14.6158333,120.9569444,2015-06-12,,SMDG-20260609
PHMNL,,ATI,SOUTH HARBOR CONTAINER TERMINAL,14.5863889,120.9669444,2005-09-19,,SMDG-20260609
PHSFS,,SBIT,SUBIC BAY INTERNATIONAL TERMINAL (SBIT),14.8030556,120.2650000,2022-01-19,,SMDG-20260609
PHTGO,,MCT,MINDANAO CONTAINER TERMINAL (MCT),8.5222222,124.7483333,2022-01-19,,SMDG-20260609
PKBQM,,QICT,QASIM INTERNATIONAL CONTAINER TERMINAL (QICT),24.7644444,67.3277778,2005-09-19,,SMDG-20260609
PKKHI,,KICT,KARACHI INTERNATIONAL CONTAINER TERMINAL (KICT),24.8358333,66.9752778,2004-05-31,,SMDG-20260609
PKKHI,,PICT,PAKISTAN INTERNATIONAL CONTAINER TERMINAL (PICT),24.8255556,66.9750000,2004-05-31,,SMDG-20260609
PKKHI,,SAPT,SOUTH ASIA PAKISTAN TERMINAL (SAPT),24.8047222,66.9844444,2021-03-01,,SMDG-20260609
PLGDN,,DCT,DEEPWATER CONTAINER TERMINAL,54.3836111,18.7158333,2019-05-20,,SMDG-20260609
PLGDN,,PLGDA,GDANSKI TERMINAL KONTENEROWY (GTK),54.3819444,18.6533333,2006-01-16,,SMDG-20260609
PLGDY,,PLBCT,BALTIC CONTAINER TERMINAL GDYNIA (BCT),54.5444444,18.5113889,2006-01-27,,SMDG-20260609
PLGDY,,PLGCT,GDYNIA CONTAINER TERMINAL (GCT),54.5427778,18.5077778,2012-06-01,,SMDG-20260609
PLSZZ,,DPSZ,SZCZECIN CONTAINER TERMINAL,53.4283333,14.5855556,2006-01-16,,SMDG-20260609
PRSJU,,IGT,ISLA GRANDE TERMINAL,18.4500000,-66.1000000,2025-02-25,,SMDG-20260609
PRSJU,,LACS,LUIS AYALA COLON TERMINAL,18.4319444,-66.0997222,2016-05-19,,SMDG-20260609
PRSJU,,PRT,PUERTO RICO TERMINALS (PRT),18.4361111,-66.0927778,2025-02-25,,SMDG-20260609
PTCNL,,CSP,CANICAL PORT MADEIRA,32.7366667,-16.7333333,2005-10-17,,SMDG-20260609
PTFDF,,LISC,FIGUEIRA DA FOZ TERMINAL,40.1469444,-8.8475000,2004-05-17,,SMDG-20260609
PTFNC,,APRAM,FUNCHAL PORT MADEIRA,32.6419444,-16.9088889,2004-05-17,,SMDG-20260609
PTLEI,,TCLA,LEIXOES CONTAINER TERMINAL,41.1933333,-8.6850000,2009-12-08,,SMDG-20260609
PTLIS,,TMB,BEATO MULTIPURPOSE TERMINAL (TMB),38.7313889,-9.1041667,2004-05-17,,SMDG-20260609
PTLIS,,OLIS,LISBON MULTIPURPOSE TERMINAL (TML),38.7208333,-9.1136111,2004-05-17,,SMDG-20260609
PTLIS,,LISC,LISCONT CONTAINER TERMINAL,38.6991667,-9.1686111,2004-05-17,,SMDG-20260609
PTLIS,,SOTA,SANTA APOLONIA CONTAINER TERMINAL (TCSA),38.7258333,-9.1069444,2004-05-17,,SMDG-20260609
PTPDL,,PODE,PORT OF PONTA DELGADA,37.7347222,-25.6644444,2022-03-01,,SMDG-20260609
PTPXO,,APRAM,PORTO SANTO PORT,33.0586111,-16.3122222,2004-05-17,,SMDG-20260609
PTSET,,APSS,MULTI PURPOSE TERMINAL 1 - TERSADO,38.5188889,-8.8802778,2004-05-17,,SMDG-20260609
PTSET,,SADOP,MULTI PURPOSE TERMINAL 2 - SADOPORT,38.5138889,-8.8719444,2010-11-23,,SMDG-20260609
PTSIE,,SCT,SINES CONTAINER TERMINAL,37.9330556,-8.8466667,2004-05-17,,SMDG-20260609
PWROR,,POPT,PORT OF PALAU TERMINAL KOROR (BTTC),7.3311111,134.4575000,2025-01-14,,SMDG-20260609
PYASU,PYBCM,CCPMI,PUERTO CAACUPE-MI ASUNCION,-25.2258333,-57.5722222,2017-04-27,,SMDG-20260609
PYASU,PYFNX,PFNX,PUERTO FENIX,-25.2236111,-57.5691667,2017-04-27,,SMDG-20260609
PYASU,,PSJ,PUERTO SAN JOSE (EMPEDRIL S.A.),-25.2222222,-57.5666667,2017-04-27,,SMDG-20260609
PYPIL,,CAP,PUERTO CAACUPE-MI PILAR,-26.8722222,-58.3286111,2019-11-18,,SMDG-20260609
PYSAN,PYTER,TERSAN,TERPORT SAN ANTONIO,-25.4444444,-57.5491667,2017-04-27,,SMDG-20260609
PYVLL,,ANNP,ANNP TERMINAL PORTUARIA VILLETA,-25.5080556,-57.5755556,2019-11-18,,SMDG-20260609
PYVLL,,PSF,PUERTO SEGURO FLUVIAL,-25.5477778,-57.5652778,2016-01-12,,SMDG-20260609
PYVLL,,TERVIL,TERPORT VILLETA,-25.6116667,-57.6088889,2017-04-27,,SMDG-20260609
QAHMD,,HCT,HAMAD CONTAINER TERMINAL (HCT),25.0244444,51.6036111,2018-05-25,,SMDG-20260609
QAUMS,,CT7,MESAIEED CONTAINER TERMINAL,24.9441667,51.5861111,2021-03-01,,SMDG-20260609
QAUMS,,QAPCO,QAPCO TERMINAL MESAIEED,24.9280556,51.5755556,2025-02-10,,SMDG-20260609
QAUMS,,QCHEM,QCHEM TERMINAL MESAIEED,24.8925000,51.5497222,2025-02-10,,SMDG-20260609
RELPT,,SAMR2,PORT REUNION TERMINAL,-20.9311111,55.3158333,2018-10-15,,SMDG-20260609
ROCND,,CSCT,CONSTANTA SOUTH CONTAINER TERMINAL (CSCT),44.1033333,28.6600000,2015-06-12,,SMDG-20260609
ROCND,,SOCEP,SOCEP CONTAINER TERMINAL,44.1513889,28.6455556,2015-06-12,,SMDG-20260609
RUKGD,,BSC,BALTIYSK TERMINAL (BSC),54.6361111,19.9244444,2022-01-19,,SMDG-20260609
RUKGD,,KSCP,KALININGRAD COMMERCIAL PORT,54.7036111,20.4655556,2022-01-19,,SMDG-20260609
RULED,,CTSP,CONTAINER TERMINAL SAINT-PETERSBURG (CTSP),59.8727778,30.1988889,2014-11-10,,SMDG-20260609
RULED,,FCT,FIRST CONTAINER TERMINAL (FCT),59.8811111,30.1997222,2003-12-03,,SMDG-20260609
RULED,,MOD,MOBY DIK TERMINAL KRONSHTADT,60.0013889,29.7072222,2008-01-16,,SMDG-20260609
RULED,,BRONKA,MSCC PORT BRONKA,59.9369444,29.6952778,2015-12-29,,SMDG-20260609
RULED,,NVM,NEVA METAL TERMINAL (NMT),59.8850000,30.2033333,2015-07-01,,SMDG-20260609
RULED,,PLP,PETROLESPORT TERMINAL,59.8911111,30.2255556,2004-10-12,,SMDG-20260609
RULED,,SFP,SEA FISHING PORT TERMINAL,59.8691667,30.2127778,2014-11-10,,SMDG-20260609
RUMAG,,MSCP,MAGADAN COMMERCIAL PORT,59.5638889,150.7261111,2022-01-19,,SMDG-20260609
RUNJK,,NMRP,NAKHODKA SEA FISHING PORT (NMRP),42.7958333,132.8780556,2022-02-01,,SMDG-20260609
RUNVS,,NUTEP,NUTEP CONTAINER TERMINAL,44.7216667,37.8161111,2020-02-29,,SMDG-20260609
RUPKC,,SERO,SEROGLAZKA TERMINAL PETROPAVLOVSK,53.0455556,158.6147222,2022-01-19,,SMDG-20260609
RUULU,,ULCT,UST-LUGA CONTAINER TERMINAL (ULCT),59.6741667,28.4058333,2014-11-10,,SMDG-20260609
RUVVO,,PLCT,PACIFIC LOGISTIC CONTAINER TERMINAL,43.1055556,131.9327778,2020-06-08,,SMDG-20260609
RUVVO,,VCT,VLADIVOSTOK CONTAINER TERMINAL (VMTP),43.0902778,131.8680556,2020-06-08,,SMDG-20260609
RUVVO,,VSCT,VLADIVOSTOK SEA CONTAINER TERMINAL (VMKT),43.0933333,131.8811111,2021-03-01,,SMDG-20260609
RUVYP,,VSC,VOSTOCHNAYA STEVEDORING COMPANY (VSC),42.7350000,133.0794444,2020-06-08,,SMDG-20260609
SADHU,,DHU,DHUBA PORT,27.5600000,35.5508333,2023-09-07,,SMDG-20260609
SADMM,,FCT,DAMMAM FIRST CONTAINER TERMINAL (FCT),26.5050000,50.1969444,2020-12-01,,SMDG-20260609
SADMM,,SCT,DAMMAM SECOND CONTAINER TERMINAL (SCT),26.5066667,50.1916667,2020-12-01,,SMDG-20260609
SAJEC,,HPJZ,HUTCHISON JAZAN,17.2858333,42.3305556,2023-12-12,,SMDG-20260609
SAJED,,DPW,DP WORLD SOUTH CONTAINER TERMINAL JEDDAH (SCT),21.4547222,39.1583333,2015-03-25,,SMDG-20260609
SAJED,,GCT,NORTHERN CONTAINER TERMINAL JEDDAH,21.4791667,39.1577778,2015-03-25,2025-01-31,SMDG-20260609
SAJED,,RSGT,RED SEA GATEWAY TERMINAL (RSGT),21.4844444,39.1547222,2015-03-25,,SMDG-20260609
SAJUB,,GSC,JUBAIL COMMERCIAL PORT,27.0275000,49.6827778,2015-09-21,,SMDG-20260609
SAKAC,,KACT,KING ABDULLAH NATIONAL CONTAINER TERMINAL (NCT),22.5261111,39.0925000,2017-01-17,,SMDG-20260609
SBHIR,,HONP,HONIARA PORT,-9.4275000,159.9594444,2024-08-20,,SMDG-20260609
SBNOR,,NORP,NORO PORT,-8.2355556,157.1969444,2024-08-20,,SMDG-20260609
SCVIC,,VPT,VICTORIA PORT TERMINAL,-4.6263889,55.4633333,2025-02-01,,SMDG-20260609
SDPZU,,SPC,SOUTH PORT CONTAINER TERMINAL,19.6036111,37.2319444,2019-01-17,,SMDG-20260609
SEAHU,,AHU,AHUS CONTAINER TERMINAL,55.9280556,14.3244444,2015-02-10,,SMDG-20260609
SEGOT,,CT1,APM TERMINALS GOTHENBURG,57.6886111,11.8561111,2018-10-25,,SMDG-20260609
SEGOT,,CAR,CAR TERMINAL GOTHENBURG,57.6913889,11.8672222,2004-12-14,,SMDG-20260609
SEGOT,,RTG,RORO TERMINAL GOTHENBURG,57.6905556,11.8358333,2004-12-14,,SMDG-20260609
SEGVX,,GVXFS,YILPORT CONTAINER TERMINAL GAVLE,60.6927778,17.2227778,2007-10-31,,SMDG-20260609
SEGVX,,GVXGU,YILPORT TERMINAL GRANUDDEN,60.6897222,17.2369444,2007-10-31,,SMDG-20260609
SEHAD,,KTH,KATTEGAT TERMINAL HALMSTAD,56.6513889,12.8502778,2008-01-16,,SMDG-20260609
SEHEL,,SKT,SKANE TERMINAL,56.0205556,12.7027778,2006-02-27,,SMDG-20260609
SEHEL,,VESTHA,WEST HARBOUR,56.0305556,12.6930556,2015-06-12,,SMDG-20260609
SEKAN,,POK,PORT OF KARLSHAMN,56.1575000,14.8202778,2022-01-19,,SMDG-20260609
SEKPS,,RTK,RORO TERMINAL KAPELLSKAR,59.7213889,19.0652778,2006-03-09,,SMDG-20260609
SEMMA,,CMPSE,CMP CONTAINER TERMINAL MALMO,55.6247222,12.9933333,2006-05-11,,SMDG-20260609
SENRK,,SEPCT,PAMPUS CONTAINER TERMINAL,58.6230556,16.2433333,2016-09-28,,SMDG-20260609
SENYN,,RTN,RORO TERMINAL NYNASHAMN,58.9069444,17.9566667,2006-03-09,,SMDG-20260609
SEPIT,,SHL,SHORELINK PITEA PORT,65.2369444,21.6255556,2022-01-19,,SMDG-20260609
SESKE,,SKE,PORT OF SKELLEFTEA,64.6788889,21.2505556,2023-09-07,,SMDG-20260609
SESOE,,POS,PORT OF SODERTALJE,59.1625000,17.6625000,2021-10-24,,SMDG-20260609
SESTO,,CTS,CONTAINER TERMINAL FRIHAMNEN,59.3425000,18.1255556,2006-03-09,,SMDG-20260609
SESTO,,NCS,CONTAINER TERMINAL STOCKHOLM-NORVIK,58.9355556,17.9800000,2020-05-02,,SMDG-20260609
SESTO,,RTF,RORO TERMINAL FRIHAMNEN,59.3452778,18.1250000,2006-03-09,,SMDG-20260609
SESTO,,RTS,RORO TERMINAL SILJA (VARTAHAMNEN),59.3513889,18.1141667,2006-03-09,,SMDG-20260609
SESTO,,NRS,RORO TERMINAL STOCKHOLM-NORVIK,58.9400000,17.9788889,2020-09-09,,SMDG-20260609
SESTO,,RTV,RORO TERMINAL VIKING (STADSGARDEN),59.3166667,18.0955556,2006-03-09,,SMDG-20260609
SEVST,,VSTCT,VASTERAS CONTAINER TERMINAL,59.5905556,16.5208333,2020-10-01,,SMDG-20260609
SGSIN,,PSABT,BRANI TERMINAL,1.2630556,103.8313889,2015-06-12,,SMDG-20260609
SGSIN,,JPCT,JURONG PORT,1.3000000,103.7183333,2022-06-01,,SMDG-20260609
SGSIN,,PSAKT,KEPPEL TERMINAL,1.2688889,103.8358333,2015-06-12,,SMDG-20260609
SGSIN,,PSAPPT,PSA PASIR PANJANG TERMINALS,1.2833333,103.7766667,2023-04-13,,SMDG-20260609
SGSIN,,PSATUA,PSA TUAS TERMINALS,1.2663889,103.6155556,2023-09-07,,SMDG-20260609
SGSIN,,PSASW,SEMBAWANG WHARVES,1.4600000,103.8325000,2016-03-01,,SMDG-20260609
SIKOP,,LUKA,PORT OF KOPER,45.5536111,13.7347222,2015-09-22,,SMDG-20260609
SLFNA,,FTL,FREETOWN TERMINAL,8.4936111,-13.2141667,2022-03-01,,SMDG-20260609
SNDKR,,DPWSN,DP WORLD DAKAR,14.6872222,-17.4269444,2015-09-22,,SMDG-20260609
SOBBO,,DPW,DP WORLD BERBERA,10.4363889,44.9938889,2022-02-01,,SMDG-20260609
SOKMU,,KCT,KISMAYU CONTAINER TERMINAL,-0.3886111,42.5441667,2022-02-01,,SMDG-20260609
SOMGQ,,MAP,MOGADISHU ALPORT TERMINAL,2.0252778,45.3355556,2022-02-01,,SMDG-20260609
SRPBM,,PBM01,PARAMARIBO NIEUWE HAVEN,5.8125000,-55.1661111,2016-10-15,,SMDG-20260609
STTMS,,TMS,PORTO DE SAO TOME,0.3466667,6.7375000,2023-12-12,,SMDG-20260609
SVAQJ,,PUACA,PUERTO ACAJUTLA,13.5747222,-89.8377778,2004-05-31,,SMDG-20260609
SVLUN,,PULUN,PUERTO LA UNION,13.3347222,-87.8202778,2004-05-31,,SMDG-20260609
SXPHI,,CDCQ,CAPTAIN DAVID CARGO QUAY ST. MAARTEN,18.0080556,-63.0444444,2025-02-25,,SMDG-20260609
SYLTK,,LICT,LATAKIA INTERNATIONAL CONTAINER TERMINAL (LICT),35.5275000,35.7683333,2004-05-31,,SMDG-20260609
SYLTK,,MPPT,LATAKIA MULTIPURPOSE TERMINAL,35.5208333,35.7694444,2025-07-16,,SMDG-20260609
SYTTS,,TICT,TARTOUS INTERNATIONAL CONTAINER TERMINAL,34.9077778,35.8663889,2004-05-31,,SMDG-20260609
TGLFW,,LCT,LOME CONTAINER TERMINAL (LCT),6.1372222,1.2738889,2022-06-01,,SMDG-20260609
TGLFW,,TTE,TOGO TERMINAL,6.1438889,1.2844444,2022-06-01,,SMDG-20260609
THBKK,THBMT,BMTP,BANGKOK MODERN TERMINAL (BMTP),13.6080556,100.5747222,2024-08-20,,SMDG-20260609
THBKK,,PAT,"BANGKOK PORT, KHLONG TOEI (PAT)",13.7036111,100.5758333,2004-05-31,,SMDG-20260609
THBKK,THSCS,SHT,SAHATHAI TERMINAL,13.6583333,100.5438889,2019-07-05,,SMDG-20260609
THBKK,,SSW,SUKSAWAT TERMINAL,13.6233333,100.5425000,2024-08-20,,SMDG-20260609
THBKK,,TCT,THAI CONNECTIVITY TERMINAL (TCT),13.6538889,100.5558333,2024-08-20,,SMDG-20260609
THBKK,THUCT,UTCT,UNITHAI CONTAINER TERMINAL (UTCT),13.5802778,100.5891667,2021-10-24,,SMDG-20260609
THLCH,,ESCO,"EASTERN SEA LAEM CHABANG TERMINAL (ESCO), B3",13.0636111,100.8913889,2004-05-31,,SMDG-20260609
THLCH,,LCHB2,"EVERGREEN CONTAINER TERMINAL, B2",13.0650000,100.8938889,2004-05-31,,SMDG-20260609
THLCH,,HLTA3,HUTCHISON LAEM CHABANG TERMINAL A3,13.0666667,100.8883333,2020-06-08,,SMDG-20260609
THLCH,,HLTC12,HUTCHISON LAEM CHABANG TERMINAL C1/C2,13.0550000,100.8988889,2020-06-08,,SMDG-20260609
THLCH,,HLTD,HUTCHISON LAEM CHABANG TERMINAL D,13.0491667,100.8980556,2020-06-08,,SMDG-20260609
THLCH,,KSP,KLN SEAPORT TERMINAL,13.1383333,100.8766667,2019-09-13,,SMDG-20260609
THLCH,,LCIT,"LAEM CHABANG INTERNATIONAL TERMINAL (LCIT), B5/C3",13.0527778,100.8911111,2005-09-19,,SMDG-20260609
THLCH,,LCHA0,"LAEM CHABANG MARINE TERMINAL (LCMT), A0",13.0702778,100.8983333,2004-05-31,,SMDG-20260609
THLCH,,LCHB1,"LCB CONTAINER TERMINAL 1 (LCB1), B1",13.0669444,100.8969444,2019-09-13,,SMDG-20260609
THLCH,,SCSP,SIAM COMMERCIAL SEAPORT,13.1300000,100.8772222,2025-05-01,,SMDG-20260609
THLCH,,TLTA2,THAI LAEM CHABANG TERMINAL (TLT) A2,13.0683333,100.8913889,2020-06-08,,SMDG-20260609
THLCH,,TIPS4,"TIPS CONTAINER TERMINAL, B4",13.0627778,100.8900000,2014-11-06,,SMDG-20260609
THSGK,,CTIC,CHAOPHAYA TERMINAL,7.2291667,100.5711111,2022-01-19,,SMDG-20260609
TLDIL,,TBCT,TIBAR BAY CONTAINER TERMINAL,-8.5708333,125.4747222,2022-01-19,,SMDG-20260609
TNSFA,,SPCT,SFAX PORT CONTAINER TERMINAL,34.7255556,10.7708333,2025-02-01,,SMDG-20260609
TNTUN,,RAPO,RADES PORT,36.8041667,10.2652778,2004-05-31,,SMDG-20260609
TOTBU,,NUAP,NUKUALOFA PORT,-21.1366667,-175.1797222,2024-08-20,,SMDG-20260609
TRALI,,NEMPOR,NEMPORT TERMINAL,38.7672222,26.9325000,2015-06-12,,SMDG-20260609
TRALI,,APMALI,SOCAR ALIAGA TERMINAL,38.7783333,26.9319444,2018-02-20,,SMDG-20260609
TRALI,,TCEEG,TCEEGE CONTAINER TERMINAL,38.7580556,26.9286111,2004-05-31,,SMDG-20260609
TRAYT,,QTRM,QTERMINALS ANTALYA,36.8377778,30.6116667,2022-05-01,,SMDG-20260609
TRBDM,,CELE,CELEBI BANDIRMA PORT TERMINAL,40.3525000,27.9627778,2022-05-01,,SMDG-20260609
TRGEM,,BORU,BORUSAN PORT GEMLIK,40.4150000,29.0847222,2004-05-31,,SMDG-20260609
TRGEM,,RODA,RODA PORT GEMLIK,40.4138889,29.0786111,2015-06-12,,SMDG-20260609
TRGEM,,GEMPOR,YILPORT TERMINAL GEMLIK (GEMPORT),40.4177778,29.1147222,2015-06-12,,SMDG-20260609
TRGIR,,GIRP,GIRESUN PORT,40.9186111,38.3819444,2026-05-01,,SMDG-20260609
TRISK,,ASSAN,ASSAN PORT ISKENDERUN,36.6858333,36.2000000,2022-05-01,,SMDG-20260609
TRISK,,LIMAK,LIMAKPORT ISKENDERUN,36.5950000,36.1902778,2015-06-12,,SMDG-20260609
TRIST,TRKMX,KUMLI,KUMPORT TERMINAL,40.9675000,28.6816667,2004-05-31,,SMDG-20260609
TRIST,TRMAD,MRD,"MARDAS TERMINAL, AMBARLI PORT",40.9630556,28.6761111,2015-06-12,,SMDG-20260609
TRIST,TRMPT,MRP,MARPORT TERMINAL,40.9619444,28.6736111,2015-06-12,,SMDG-20260609
TRIZM,,TCDD,TCDD ALSANCAK,38.4450000,27.1533333,2004-05-31,,SMDG-20260609
TRIZT,TREYP,EVYAP,DP WORLD EVYAP KORFEZ,40.7736111,29.7111111,2015-11-01,,SMDG-20260609
TRIZT,TRYAR,DPWYAR,DP WORLD EVYAP YARIMCA,40.7616667,29.7427778,2015-08-11,,SMDG-20260609
TRIZT,TRLMA,LIMP,LIMAS PORT,40.7150000,29.8841667,2022-06-01,,SMDG-20260609
TRIZT,TRDRC,SAFI,SAFIPORT DERINCE CONTAINER TERMINAL,40.7483333,29.8405556,2022-05-01,,SMDG-20260609
TRIZT,TRGEB,YGCT,YILPORT CONTAINER TERMINAL GEBZE,40.7661111,29.5361111,2018-02-20,,SMDG-20260609
TRKSP,,ICKSP,IC KARASU PORT,41.1194444,30.6727778,2016-12-30,,SMDG-20260609
TRMER,,MIP,MERSIN INTERNATIONAL PORT (MIP),36.8019444,34.6419444,2004-05-31,,SMDG-20260609
TRSSX,,SAMP,SAMSUN PORT,41.3044444,36.3366667,2022-06-01,,SMDG-20260609
TRTEK,,ASYA,ASYAPORT TEKIRDAG,40.8986111,27.4700000,2022-05-01,,SMDG-20260609
TRTZX,,TLIM,TRABZON PORT TERMINAL,41.0025000,39.7405556,2022-05-01,,SMDG-20260609
TTPOS,,PPOS,PORT OF PORT OF SPAIN,10.6541667,-61.5238889,2014-07-10,,SMDG-20260609
TTPTS,,TPTS,PORT OF POINT LISAS,10.4077778,-61.4938889,2016-09-12,,SMDG-20260609
TWKEL,,WUDU,CCTC KEELUNG CONTAINER TERMINAL,25.1463889,121.7522222,2004-05-31,,SMDG-20260609
TWKEL,,TIPC,TIPC KEELUNG WEST COAST CONTAINER TERMINAL,25.1505556,121.7502778,2022-02-01,,SMDG-20260609
TWKEL,,ULIC,ULIC EASTERN PORT TERMINAL,25.1413889,121.7547222,2015-06-12,,SMDG-20260609
TWKHH,,CMAKT,CMA TERMINAL (W68-69),22.5616667,120.3183333,2022-05-01,,SMDG-20260609
TWKHH,,EMCKC4,EVERGREEN TERMINAL KCC4 (W115-W117),22.5586111,120.3144444,2015-02-12,2025-03-31,SMDG-20260609
TWKHH,,EMCKC5,EVERGREEN TERMINAL KCC5 (W79-W81),22.5500000,120.3319444,2015-02-12,2025-03-31,SMDG-20260609
TWKHH,,EMCKC7,EVERGREEN TERMINAL KCC7 (S01-S05),22.5366667,120.3158333,2023-09-07,,SMDG-20260609
TWKHH,,HJPCT,HMM PACIFIC TERMINAL (W76-W78),22.5547222,120.3277778,2015-02-12,,SMDG-20260609
TWKHH,,HMMT,HMM TERMINAL (W118-W119),22.5638889,120.3100000,2015-02-12,2025-03-31,SMDG-20260609
TWKHH,,KMCT,KAO MING TERMINAL (W108-W111),22.5452778,120.3263889,2015-02-12,,SMDG-20260609
TWKHH,,KHHPT,LIEN HAI TERMINAL (W42-W43),22.6083333,120.2830556,2015-02-12,,SMDG-20260609
TWKHH,,KAOCT,OOCL TERMINAL (W65-W67),22.5733333,120.3080556,2015-02-12,,SMDG-20260609
TWKHH,,TIPC4,TIPC KAOHSIUNG TERMINAL 4 (W120-W121),22.5683333,120.3058333,2025-04-01,,SMDG-20260609
TWKHH,,WHLT,WAN HAI TERMINAL KCT2 (W63-W64),22.5772222,120.3050000,2015-02-12,,SMDG-20260609
TWKHH,,WHLKC5,WAN HAI TERMINAL KCT5 (W79-W81),22.5500000,120.3319444,2026-05-01,,SMDG-20260609
TWKHH,,YMLT,YANG MING TERMINAL (W70),22.5588889,120.3205556,2015-02-12,,SMDG-20260609
TWTPE,,TPCT,TAIPEI PORT CONTAINER TERMINAL,25.1633333,121.3863889,2022-02-01,,SMDG-20260609
TWTXG,,CCTC,CCTC TERMINAL TAICHUNG (W10-W11),24.2777778,120.5250000,2022-01-19,,SMDG-20260609
TWTXG,,EVER,EVERGREEN TERMINAL TAICHUNG (W32-W33),24.2691667,120.5141667,2022-01-19,,SMDG-20260609
TWTXG,,WANH,WAN HAI TERMINAL TAICHUNG (W34-W35),24.2650000,120.5122222,2022-01-19,,SMDG-20260609
TZDAR,,CT2,TANZANIA EAST AFRICA GATEWAY TERMINAL (TEAGTL),-6.8397222,39.2961111,2025-05-01,,SMDG-20260609
TZDAR,,TICTS,TANZANIA INTL CONTAINER TERMINAL SERVICES (TICTS),-6.8397222,39.2961111,2018-05-04,2025-04-30,SMDG-20260609
TZDAR,,CT1,TANZANIA PORTS AUTHORITY (TPA),-6.8333333,39.2933333,2025-05-01,,SMDG-20260609
TZTGT,,TPA,TANGA TERMINAL (TPA),-5.0661111,39.1055556,2022-02-01,,SMDG-20260609
TZZNZ,,MALT,MALINDI TERMINAL ZANZIBAR,-6.1555556,39.1922222,2022-02-01,,SMDG-20260609
UAILK,,CFP,CHORNOMORSK FISHING PORT CONTAINER TERMINAL,46.3297222,30.6633333,2025-02-01,,SMDG-20260609
UAODS,,BROOKL,BROOKLYN-KIEV PORT (BKP),46.5036111,30.7305556,2015-06-12,,SMDG-20260609
UAODS,,CTO,CONTAINER TERMINAL ODESSA (CTO),46.4888889,30.7600000,2020-04-01,,SMDG-20260609
UAYUZ,,TISCT,TIS CONTAINER TERMINAL,46.6563889,31.0100000,2020-01-01,,SMDG-20260609
USADQ,,KODT,KODIAK TERMINAL,57.7819444,-152.4352778,2025-02-10,,SMDG-20260609
USANC,,POAT,PORT OF ALASKA TERMINAL ANCHORAGE,61.2416667,-149.8869444,2025-01-14,,SMDG-20260609
USBAL,,DMT,DUNDALK MARINE TERMINAL,39.2425000,-76.5252778,2015-05-07,,SMDG-20260609
USBAL,,SMT,SEAGIRT MARINE TERMINAL,39.2550000,-76.5466667,2004-05-31,,SMDG-20260609
USBOS,,PWCMT,CONLEY CONTAINER TERMINAL,42.3416667,-71.0200000,2021-10-24,,SMDG-20260609
USCHS,USNTS,HLT,HUGH K. LEATHERMAN TERMINAL (HLT),32.8400000,-79.9361111,2021-10-24,,SMDG-20260609
USCHS,USNTS,NCMT,NORTH CHARLESTON MARINE TERMINAL,32.9041667,-79.9583333,2004-05-31,,SMDG-20260609
USCHS,,WWMT,WANDO WELCH MARINE TERMINAL,32.8333333,-79.8908333,2004-05-31,,SMDG-20260609
USDUT,,APL,APL DUTCH HARBOR,53.8836111,-166.5308333,2022-01-19,,SMDG-20260609
USDUT,,UMC,UNALASKA MARINE CENTER (UMC),53.9019444,-166.5297222,2022-01-19,,SMDG-20260609
USFPO,,PFT,PORT FREEPORT TERMINAL,28.9427778,-95.3311111,2023-04-13,,SMDG-20260609
USGPT,,POGT,PORT OF GULFPORT TERMINAL,30.3547222,-89.0947222,2022-01-19,,SMDG-20260609
USHNL,,HSP1,"HONOLULU TERMINAL, PIER 1",21.2975000,-157.8683333,2016-05-13,,SMDG-20260609
USHNL,,PASHA,"HONOLULU TERMINAL, PIER 51",21.3133333,-157.8830556,2017-03-09,,SMDG-20260609
USHNL,,MATS,MATSON TERMINAL,21.3116667,-157.8783333,2004-05-31,,SMDG-20260609
USHOU,,BCMT,BARBOURS CUT MARINE TERMINAL,29.6800000,-94.9983333,2004-05-31,,SMDG-20260609
USHOU,,BPTM,BAYPORT TERMINAL,29.6122222,-95.0050000,2015-01-29,,SMDG-20260609
USHOU,,JPI,JACINTOPORT,29.7486111,-95.1102778,2020-12-01,,SMDG-20260609
USILG,,GTUS,PORT WILMINGTON (DE) TERMINAL,39.7158333,-75.5238889,2022-01-19,,SMDG-20260609
USILM,,NCSPA,PORT OF WILMINGTON (NC) TERMINAL,34.1927778,-77.9555556,2017-03-09,,SMDG-20260609
USJAX,,BLOJX,BLOUNT ISLAND MARINE TERMINAL,30.3900000,-81.5372222,2015-02-05,2025-03-31,SMDG-20260609
USJAX,,DPJL,DAMES POINT MARINE TERMINAL,30.3966667,-81.5680556,2023-10-17,,SMDG-20260609
USJAX,,BLOJX,SSA JACKSONVILLE CONTAINER TERMINAL (JCT),30.3902778,-81.5372222,2025-04-01,,SMDG-20260609
USJAX,,TMT,TALLEYRAND MARINE TERMINAL,30.3550000,-81.6200000,2004-05-31,,SMDG-20260609
USJAX,,TMG,TOTE TERMINAL BLOUNT ISLAND,30.3891667,-81.5436111,2025-04-01,,SMDG-20260609
USLAX,,APMT,APM TERMINALS LOS ANGELES PIER 400,33.7313889,-118.2486111,2004-05-31,,SMDG-20260609
USLAX,,ETS,EVERPORT CONTAINER TERMINAL (ETS),33.7444444,-118.2719444,2018-12-18,,SMDG-20260609
USLAX,,EAGLE,FENIX MARINE CONTAINER TERMINAL (FMS),33.7338889,-118.2530556,2015-06-24,,SMDG-20260609
USLAX,,TRAP,TRAPAC CONTAINER TERMINAL,33.7661111,-118.2708333,2004-05-31,,SMDG-20260609
USLAX,,WBCT,WEST BASIN CONTAINER TERMINAL (WBCT),33.7569444,-118.2777778,2017-03-09,,SMDG-20260609
USLAX,,YUSEN,YUSEN CONTAINER TERMINAL (YTI),33.7558333,-118.2611111,2015-06-24,,SMDG-20260609
USLGB,,ITS,ITS LONG BEACH (PIER G),33.7450000,-118.1950000,2020-02-01,,SMDG-20260609
USLGB,,LBCT,LONG BEACH CONTAINER TERMINAL (PIER E),33.7591667,-118.2136111,2018-12-01,,SMDG-20260609
USLGB,,SSAPCT,PACIFIC CONTAINER TERMINAL LONG BEACH (PIER J),33.7422222,-118.1888889,2018-12-01,,SMDG-20260609
USLGB,,SSATA,SSA TERMINALS PIER A,33.7691667,-118.2322222,2014-10-03,,SMDG-20260609
USLGB,,MATU,SSA TERMINALS PIER C60 (MATSON),33.7700000,-118.2172222,2016-02-22,,SMDG-20260609
USLGB,,TTI,TOTAL TERMINALS INTERNATIONAL (PIER T),33.7547222,-118.2336111,2017-04-27,,SMDG-20260609
USMIA,,POM,PORT OF MIAMI TERMINAL (POMTOC),25.7666667,-80.1580556,2015-09-22,,SMDG-20260609
USMIA,,SML,SEABOARD MARINE TERMINAL,25.7702778,-80.1680556,2020-12-01,,SMDG-20260609
USMIA,,SOU,SOUTH FLORIDA CONTAINER TERMINAL (SFCT),25.7663889,-80.1508333,2015-09-22,,SMDG-20260609
USMOB,,APMT,APM TERMINALS MOBILE,30.6680556,-88.0338889,2016-05-03,,SMDG-20260609
USMSY,,NOLA,NAPOLEON CONTAINER TERMINAL,29.9125000,-90.1105556,2005-09-19,,SMDG-20260609
USMSY,,NOT,NEW ORLEANS TERMINAL (NOT),29.9125000,-90.1061111,2023-01-01,,SMDG-20260609
USNTD,,HUE,PORT HUENEME,34.1475000,-119.2055556,2014-09-02,,SMDG-20260609
USNYC,USEWR,APMT,APM TERMINALS ELIZABETH,40.6600000,-74.1488889,2016-05-03,,SMDG-20260609
USNYC,,GTC,GCT BAYONNE,40.6725000,-74.0825000,2004-05-31,,SMDG-20260609
USNYC,USUYU,NYCT,GCT NEW YORK,40.6408333,-74.1891667,2004-05-31,,SMDG-20260609
USNYC,,MAHER,MAHER CONTAINER TERMINAL,40.6830556,-74.1538889,2014-09-15,,SMDG-20260609
USNYC,USEWR,PNCT,PORT NEWARK CONTAINER TERMINAL,40.6841667,-74.1505556,2018-10-04,,SMDG-20260609
USNYC,USEWR,RHBT,RED HOOK BARGE TERMINAL NEWARK,40.6972222,-74.1505556,2022-01-19,,SMDG-20260609
USNYC,,RHCT,RED HOOK CONTAINER TERMINAL,40.6852778,-74.0100000,2021-03-01,,SMDG-20260609
USOAK,,BENT,BEN E. NUTTER TERMINAL,37.8072222,-122.3394444,2021-10-24,,SMDG-20260609
USOAK,,MATS,MATSON TERMINAL (B63),37.7936111,-122.2994444,2021-10-24,,SMDG-20260609
USOAK,,B58,OAKLAND INTERNATIONAL CONTAINER TERMINAL (OICT),37.7963889,-122.3141667,2014-09-15,,SMDG-20260609
USOAK,,TPOAK,TRAPAC CONTAINER TERMINAL,37.8100000,-122.3230556,2014-09-15,,SMDG-20260609
USORF,,NIT,NORFOLK INTERNATIONAL TERMINALS (NIT),36.9258333,-76.3291667,2004-05-31,,SMDG-20260609
USPCV,,CCT,CANAVERAL CARGO TERMINAL,28.4127778,-80.6191667,2022-01-19,,SMDG-20260609
USPDX,,PT6,PORTLAND TERMINAL 6,45.6383333,-122.7466667,2004-05-31,,SMDG-20260609
USPEF,,CRO,CROWLEY TERMINAL,26.0661111,-80.1163889,2025-02-25,,SMDG-20260609
USPEF,,FIT,FLORIDA INTERNATIONAL TERMINAL,26.0725000,-80.1166667,2004-05-31,,SMDG-20260609
USPEF,,HYDE,HYDE SHIPPING TERMINAL,26.0897222,-80.1211111,2022-01-19,,SMDG-20260609
USPEF,,PET,PORT EVERGLADES TERMINAL,26.0683333,-80.1158333,2015-09-22,,SMDG-20260609
USPHL,,PAMT,PACKER AVENUE MARINE TERMINAL,39.9016667,-75.1350000,2004-05-31,,SMDG-20260609
USPHL,,PSAP,PSA PENN TERMINALS,39.8505556,-75.3405556,2021-03-01,,SMDG-20260609
USPME,,PMT,PORT MANATEE TERMINAL,27.6297222,-82.5630556,2023-04-13,,SMDG-20260609
USPTM,,PMT,PORTSMOUTH MARINE TERMINAL (PMT),36.8572222,-76.3247222,2014-09-15,,SMDG-20260609
USPTM,USORF,VIG,VIRGINIA INTERNATIONAL GATEWAY (VIG),36.8752778,-76.3500000,2015-09-22,,SMDG-20260609
USPWM,,IMT,INTERNATIONAL MARINE TERMINAL (IMT),43.6472222,-70.2577778,2022-01-19,,SMDG-20260609
USSAN,,TAMT,TENTH AVENUE MARINE TERMINAL,32.6994444,-117.1591667,2025-01-14,,SMDG-20260609
USSAV,,GCMT,GARDEN CITY MARINE TERMINAL,32.1283333,-81.1400000,2004-05-31,,SMDG-20260609
USSAV,,OCT,OCEAN TERMINAL SAVANNAH,32.0925000,-81.1052778,2021-03-01,,SMDG-20260609
USSEA,,SSA18,SSA TERMINAL T18,47.5800000,-122.3466667,2004-05-31,,SMDG-20260609
USSEA,,SSA30,SSA TERMINAL T30,47.5833333,-122.3427778,2021-10-24,,SMDG-20260609
USSEA,,SSA5,SSA TERMINAL T5,47.5783333,-122.3625000,2022-08-01,,SMDG-20260609
USTIW,,HUSKY,HUSKY TERMINAL,47.2738889,-122.4094444,2021-10-24,,SMDG-20260609
USTIW,,PCT,PIERCE COUNTY TERMINAL (PCT),47.2533333,-122.3780556,2014-07-22,,SMDG-20260609
USTIW,,WUT,WASHINGTON UNITED TERMINALS (WUT),47.2616667,-122.3900000,2004-05-31,,SMDG-20260609
USTIW,,WSIT,WEST SITCUM TERMINAL,47.2680556,-122.4175000,2022-01-19,,SMDG-20260609
USTPA,,PTCT,TAMPA CONTAINER TERMINAL,27.9119444,-82.4294444,2022-01-19,,SMDG-20260609
UYMVD,,MONTE,MONTECON,-34.9002778,-56.2066667,2004-05-31,,SMDG-20260609
UYMVD,,TCDP,TERMINAL CUENCA DEL PLATA,-34.9052778,-56.2202778,2004-05-31,,SMDG-20260609
UYPTP,,MDP,TERMINAL PORTUARIA PUNTA PEREIRA (TPPP),-34.2238889,-58.0741667,2015-06-11,,SMDG-20260609
VCCRP,,CPCP,CAMPDEN PARK CONTAINER PORT,13.1700000,-61.2483333,2023-04-13,,SMDG-20260609
VEGUA,,PGUA,PUERTO INTERNACIONAL DE GUARANAO (IAPPEF),11.6708333,-70.2119444,2025-02-01,,SMDG-20260609
VEGUT,,GUTGU,PUERTO DE GUANTA,10.2458333,-64.5958333,2017-11-21,,SMDG-20260609
VELAG,,TECLG,TERMINAL ESPECIALIZADA DE CONTENEDORES (TEC),10.6030556,-66.9488889,2017-06-09,,SMDG-20260609
VEMAR,,PMAR,PUERTO DE MARACAIBO (BOLIPUERTOS),10.6369444,-71.6030556,2025-02-01,,SMDG-20260609
VEPBL,,BOPBL,BOLIPUERTOS PUERTO CABELLO,10.4688889,-67.9986111,2004-05-31,,SMDG-20260609
VGRAD,,PPCT,PORT PURCELL CARGO TERMINAL TORTOLA,18.4263889,-64.6094444,2025-02-25,,SMDG-20260609
VICHA,,CBCP,CROWN BAY CARGO PORT ST. THOMAS,18.3355556,-64.9500000,2025-02-25,,SMDG-20260609
VICTD,,WACP,WILFRED ALLICK CONTAINER PORT ST. CROIX,17.6961111,-64.7544444,2025-02-25,,SMDG-20260609
VNC8Q,,CLIP,CHU LAI INTERNATIONAL PORT,15.4769444,108.6286111,2026-06-09,,SMDG-20260609
VNDAD,,DNT,DA NANG TERMINAL,16.1202778,108.2169444,2022-05-01,,SMDG-20260609
VNHLG,,CICT,CAI LAN INTERNATIONAL CONTAINER TERMINAL (CICT),20.9763889,107.0508333,2023-01-01,,SMDG-20260609
VNHPH,,CVP,CHUA VE PORT,20.8597222,106.7291667,2015-06-24,,SMDG-20260609
VNHPH,,DINHVU,DINH VU PORT,20.8416667,106.7702778,2015-06-12,,SMDG-20260609
VNHPH,,DOANXA,DOAN XA PORT,20.8691667,106.7180556,2015-06-12,,SMDG-20260609
VNHPH,,GREEN,GREENPORT,20.8644444,106.7233333,2015-06-24,,SMDG-20260609
VNHPH,,HAIAN,HAI AN PORT,20.8491667,106.7533333,2015-06-12,,SMDG-20260609
VNHPH,,VNCHL,HAI PHONG INTERNATIONAL CONTAINER TERMINAL (TC-HICT),20.7991667,106.9075000,2019-04-14,,SMDG-20260609
VNHPH,,NP128,HAI PHONG TAN CANG 128,20.8550000,106.7397222,2015-06-12,,SMDG-20260609
VNHPH,,TC189,HAI PHONG TAN CANG 189,20.8469444,106.7602778,2022-05-01,,SMDG-20260609
VNHPH,,HTIT,HAIPHONG PORT TIL INTERNATIONAL TERMINAL (HTIT),20.7936111,106.9111111,2025-05-26,,SMDG-20260609
VNHPH,,HHIT,HATECO HAIPHONG INTL CONTAINER TERMINAL (HHIT),20.7875000,106.9150000,2025-01-14,,SMDG-20260609
VNHPH,,MAIN,HOANG DIEU PORT (MAIN PORT),20.8683333,106.6911111,2022-05-01,,SMDG-20260609
VNHPH,,MPC,MPC PORT,20.8266667,106.8052778,2024-09-02,,SMDG-20260609
VNHPH,,NDV,NAM DINH VU PORT,20.8236111,106.8191667,2022-06-01,,SMDG-20260609
VNHPH,,NHDV,NAM HAI DINH VU PORT,20.8305556,106.7866667,2015-06-12,,SMDG-20260609
VNHPH,,NAMHAI,NAM HAI PORT,20.8702778,106.7169444,2015-06-12,,SMDG-20260609
VNHPH,,PTSC,PTSC DINH VU PORT,20.8430556,106.7677778,2022-05-01,,SMDG-20260609
VNHPH,,TANVU,TAN VU PORT,20.8383333,106.7750000,2015-06-12,,SMDG-20260609
VNHPH,,VIMC,VIMC DINH VU PORT,20.8344444,106.7805556,2022-06-01,,SMDG-20260609
VNHPH,,VGR,VIP GREENPORT,20.8283333,106.7894444,2022-06-01,,SMDG-20260609
VNNGH,,NSIP,NGHI SON INTERNATIONAL PORT,19.3147222,105.8111111,2025-07-16,,SMDG-20260609
VNNIH,,SVP,SOUTH VAN PHONG INTERNATIONAL PORT,12.5033333,109.2647222,2020-08-01,2025-01-31,SMDG-20260609
VNSGN,,SPCT,SAIGON PREMIER CONTAINER TERMINAL (SPCT),10.6400000,106.7605556,2015-03-10,,SMDG-20260609
VNSGN,,SPITC,SP-ITC INTERNATIONAL CONTAINER TERMINAL,10.7827778,106.8175000,2024-08-20,,SMDG-20260609
VNSGN,,CATLAI,TAN CANG - CAT LAI TERMINAL,10.7608333,106.7950000,2015-03-10,,SMDG-20260609
VNSGN,,TCHP,TAN CANG - HIEP PHUOC TERMINAL (TCHP),10.6472222,106.7438889,2024-08-20,,SMDG-20260609
VNSGN,,TCPH,TAN CANG - PHU HUU TERMINAL (TCPH),10.7777778,106.8091667,2024-08-20,,SMDG-20260609
VNSGN,,VICT,VIETNAM INTERNATIONAL CONTAINER TERMINALS (VICT),10.7691667,106.7363889,2022-02-01,,SMDG-20260609
VNUIH,,QNT,QUI NHON TERMINAL,13.7788889,109.2438889,2022-05-01,,SMDG-20260609
VNVUT,,CMIT,CAI MEP INTERNATIONAL TERMINAL (CMIT),10.5147222,107.0130556,2015-03-10,,SMDG-20260609
VNVUT,,GML,GEMALINK INTERNATIONAL PORT (GML),10.4977778,107.0013889,2022-02-01,,SMDG-20260609
VNVUT,,SITV,SAIGON INTERNATIONAL TERMINALS VIETNAM (SITV),10.5988889,107.0236111,2024-08-20,,SMDG-20260609
VNVUT,,VNSST,SP-SSA INTERNATIONAL TERMINAL (SSIT),10.5055556,107.0069444,2019-04-14,,SMDG-20260609
VNVUT,,TCIT,TAN CANG - CAI MEP INTERNATIONAL TERMINAL (TCIT),10.5383333,107.0288889,2015-03-10,,SMDG-20260609
VNVUT,,TCTT,TAN CANG - CAI MEP THI VAI TERMINAL (TCTT),10.5097222,107.0108333,2022-02-01,,SMDG-20260609
VUVLI,,LICT,PORT VILA - LAPETASI INTERNATIONAL CT (LICT),-17.7550000,168.3047222,2024-08-20,,SMDG-20260609
WSAPW,,POA,PORT OF APIA,-13.8255556,-171.7622222,2016-08-01,,SMDG-20260609
YEADE,,ACT,ADEN CONTAINER TERMINAL,12.8047222,44.9955556,2021-03-01,,SMDG-20260609
YEADE,,MCT,MA'ALLA CONTAINER TERMINAL,12.7972222,45.0072222,2021-03-01,,SMDG-20260609
YEHOD,,HOD,PORT OF HODEIDAH,14.8386111,42.9377778,2023-09-07,,SMDG-20260609
YEMKX,,MUK,PORT OF MUKALLA,14.5202778,49.1497222,2023-09-07,,SMDG-20260609
YTLON,,MCG,LONGONI TERMINAL,-12.7236111,45.1644444,2022-02-01,,SMDG-20260609
ZACPT,,FPT,FRESH PRODUCE TERMINAL,-33.9075000,18.4277778,2022-06-01,,SMDG-20260609
ZACPT,,TNCM,MULTI PURPOSE TERMINAL (MPT),-33.9125000,18.4291667,2015-10-09,,SMDG-20260609
ZACPT,,TNCT,TRANSNET PORT TERMINALS CAPE TOWN,-33.9108333,18.4497222,2004-05-31,,SMDG-20260609
ZADUR,,MPTP,DURBAN POINT MULTI PURPOSE TERMINAL,-29.8733333,31.0413889,2025-04-01,,SMDG-20260609
ZADUR,,TNDRT,DURBAN POINT RORO TERMINAL,-29.8700000,31.0375000,2015-10-09,,SMDG-20260609
ZADUR,,GMWT,GRINDROD MAYDON WHARF TERMINALS,-29.8836111,31.0022222,2004-05-31,,SMDG-20260609
ZADUR,,TNP1,TRANSNET PORT TERMINALS DURBAN PIER 1,-29.8797222,31.0297222,2004-05-31,,SMDG-20260609
ZADUR,,TNP2,TRANSNET PORT TERMINALS DURBAN PIER 2,-29.8805556,31.0175000,2004-05-31,,SMDG-20260609
ZAELS,,TNMPT,TPT EAST LONDON MULTI PURPOSE TERMINAL,-33.0255556,27.9113889,2022-02-01,,SMDG-20260609
ZAPLZ,,TNPE,TRANSNET PORT TERMINALS PORT ELIZABETH,-33.9583333,25.6380556,2004-05-31,,SMDG-20260609
ZAZBA,,TNNQ,TRANSNET PORT TERMINALS NGQURA,-33.8005556,25.6819444,2004-05-31,,SMDG-20260609
